-4,-47,YKCEHv+INbcpUNU/wv3kSbk2sE0=,CYgSDP+HZynQ58OWf5ccBdLxRgI=
-4,-41,WEUij+M/6gl1wIOuRgYCF6z7XZA=,CYgSDP+HZynQ58OWf5ccBdLxRgI=
-13,-33,WEUij+M/6gl1wIOuRgYCF6z7XZA=,dhFEpDhNHKkNFf4ihFEXkJrCkN0=
-14,-33,WEUij+M/6gl1wIOuRgYCF6z7XZA=,dhFEpDhNHKkNFf4ihFEXkJrCkN0=
-5,-41,WEUij+M/6gl1wIOuRgYCF6z7XZA=,CYgSDP+HZynQ58OWf5ccBdLxRgI=
-15,-33,WEUij+M/6gl1wIOuRgYCF6z7XZA=,dhFEpDhNHKkNFf4ihFEXkJrCkN0=
-16,-33,WEUij+M/6gl1wIOuRgYCF6z7XZA=,dhFEpDhNHKkNFf4ihFEXkJrCkN0=
-9,-34,WEUij+M/6gl1wIOuRgYCF6z7XZA=,dhFEpDhNHKkNFf4ihFEXkJrCkN0=
-5,-46,WEUij+M/6gl1wIOuRgYCF6z7XZA=,CYgSDP+HZynQ58OWf5ccBdLxRgI=
-10,-34,WEUij+M/6gl1wIOuRgYCF6z7XZA=,dhFEpDhNHKkNFf4ihFEXkJrCkN0=
-11,-34,WEUij+M/6gl1wIOuRgYCF6z7XZA=,dhFEpDhNHKkNFf4ihFEXkJrCkN0=
-6,-46,WEUij+M/6gl1wIOuRgYCF6z7XZA=,CYgSDP+HZynQ58OWf5ccBdLxRgI=
-12,-34,WEUij+M/6gl1wIOuRgYCF6z7XZA=,dhFEpDhNHKkNFf4ihFEXkJrCkN0=
-13,-34,WEUij+M/6gl1wIOuRgYCF6z7XZA=,dhFEpDhNHKkNFf4ihFEXkJrCkN0=
-3,-42,WEUij+M/6gl1wIOuRgYCF6z7XZA=,CYgSDP+HZynQ58OWf5ccBdLxRgI=
-14,-34,WEUij+M/6gl1wIOuRgYCF6z7XZA=,dhFEpDhNHKkNFf4ihFEXkJrCkN0=
-15,-34,WEUij+M/6gl1wIOuRgYCF6z7XZA=,dhFEpDhNHKkNFf4ihFEXkJrCkN0=
-16,-34,WEUij+M/6gl1wIOuRgYCF6z7XZA=,dhFEpDhNHKkNFf4ihFEXkJrCkN0=
-7,-46,WEUij+M/6gl1wIOuRgYCF6z7XZA=,CYgSDP+HZynQ58OWf5ccBdLxRgI=
-9,-35,WEUij+M/6gl1wIOuRgYCF6z7XZA=,dhFEpDhNHKkNFf4ihFEXkJrCkN0=
-10,-35,WEUij+M/6gl1wIOuRgYCF6z7XZA=,dhFEpDhNHKkNFf4ihFEXkJrCkN0=
-3,-43,WEUij+M/6gl1wIOuRgYCF6z7XZA=,CYgSDP+HZynQ58OWf5ccBdLxRgI=
-11,-35,WEUij+M/6gl1wIOuRgYCF6z7XZA=,dhFEpDhNHKkNFf4ihFEXkJrCkN0=
-12,-35,WEUij+M/6gl1wIOuRgYCF6z7XZA=,dhFEpDhNHKkNFf4ihFEXkJrCkN0=
-13,-35,WEUij+M/6gl1wIOuRgYCF6z7XZA=,dhFEpDhNHKkNFf4ihFEXkJrCkN0=
-14,-35,WEUij+M/6gl1wIOuRgYCF6z7XZA=,dhFEpDhNHKkNFf4ihFEXkJrCkN0=
-4,-42,WEUij+M/6gl1wIOuRgYCF6z7XZA=,CYgSDP+HZynQ58OWf5ccBdLxRgI=
-15,-35,WEUij+M/6gl1wIOuRgYCF6z7XZA=,dhFEpDhNHKkNFf4ihFEXkJrCkN0=
-12,-33,WEUij+M/6gl1wIOuRgYCF6z7XZA=,dhFEpDhNHKkNFf4ihFEXkJrCkN0=
-11,-33,WEUij+M/6gl1wIOuRgYCF6z7XZA=,dhFEpDhNHKkNFf4ihFEXkJrCkN0=
-10,-33,WEUij+M/6gl1wIOuRgYCF6z7XZA=,dhFEpDhNHKkNFf4ihFEXkJrCkN0=
-9,-33,WEUij+M/6gl1wIOuRgYCF6z7XZA=,dhFEpDhNHKkNFf4ihFEXkJrCkN0=
-16,-40,WEUij+M/6gl1wIOuRgYCF6z7XZA=,dhFEpDhNHKkNFf4ihFEXkJrCkN0=
-15,-40,WEUij+M/6gl1wIOuRgYCF6z7XZA=,dhFEpDhNHKkNFf4ihFEXkJrCkN0=
-14,-40,WEUij+M/6gl1wIOuRgYCF6z7XZA=,dhFEpDhNHKkNFf4ihFEXkJrCkN0=
-13,-40,WEUij+M/6gl1wIOuRgYCF6z7XZA=,dhFEpDhNHKkNFf4ihFEXkJrCkN0=
-12,-40,WEUij+M/6gl1wIOuRgYCF6z7XZA=,dhFEpDhNHKkNFf4ihFEXkJrCkN0=
-11,-40,WEUij+M/6gl1wIOuRgYCF6z7XZA=,dhFEpDhNHKkNFf4ihFEXkJrCkN0=
-10,-40,WEUij+M/6gl1wIOuRgYCF6z7XZA=,dhFEpDhNHKkNFf4ihFEXkJrCkN0=
-16,-39,WEUij+M/6gl1wIOuRgYCF6z7XZA=,dhFEpDhNHKkNFf4ihFEXkJrCkN0=
-15,-39,WEUij+M/6gl1wIOuRgYCF6z7XZA=,dhFEpDhNHKkNFf4ihFEXkJrCkN0=
-9,-40,WEUij+M/6gl1wIOuRgYCF6z7XZA=,dhFEpDhNHKkNFf4ihFEXkJrCkN0=
-14,-39,WEUij+M/6gl1wIOuRgYCF6z7XZA=,dhFEpDhNHKkNFf4ihFEXkJrCkN0=
-13,-39,WEUij+M/6gl1wIOuRgYCF6z7XZA=,dhFEpDhNHKkNFf4ihFEXkJrCkN0=
-12,-39,WEUij+M/6gl1wIOuRgYCF6z7XZA=,dhFEpDhNHKkNFf4ihFEXkJrCkN0=
-11,-39,WEUij+M/6gl1wIOuRgYCF6z7XZA=,dhFEpDhNHKkNFf4ihFEXkJrCkN0=
-10,-39,WEUij+M/6gl1wIOuRgYCF6z7XZA=,dhFEpDhNHKkNFf4ihFEXkJrCkN0=
-8,-41,WEUij+M/6gl1wIOuRgYCF6z7XZA=,CYgSDP+HZynQ58OWf5ccBdLxRgI=
-16,-35,WEUij+M/6gl1wIOuRgYCF6z7XZA=,dhFEpDhNHKkNFf4ihFEXkJrCkN0=
-9,-39,WEUij+M/6gl1wIOuRgYCF6z7XZA=,dhFEpDhNHKkNFf4ihFEXkJrCkN0=
-8,-48,WEUij+M/6gl1wIOuRgYCF6z7XZA=,CYgSDP+HZynQ58OWf5ccBdLxRgI=
-4,-43,WEUij+M/6gl1wIOuRgYCF6z7XZA=,CYgSDP+HZynQ58OWf5ccBdLxRgI=
-16,-38,WEUij+M/6gl1wIOuRgYCF6z7XZA=,dhFEpDhNHKkNFf4ihFEXkJrCkN0=
-15,-38,WEUij+M/6gl1wIOuRgYCF6z7XZA=,dhFEpDhNHKkNFf4ihFEXkJrCkN0=
-14,-38,WEUij+M/6gl1wIOuRgYCF6z7XZA=,dhFEpDhNHKkNFf4ihFEXkJrCkN0=
-13,-38,WEUij+M/6gl1wIOuRgYCF6z7XZA=,dhFEpDhNHKkNFf4ihFEXkJrCkN0=
-12,-38,WEUij+M/6gl1wIOuRgYCF6z7XZA=,dhFEpDhNHKkNFf4ihFEXkJrCkN0=
-11,-38,WEUij+M/6gl1wIOuRgYCF6z7XZA=,dhFEpDhNHKkNFf4ihFEXkJrCkN0=
-10,-38,WEUij+M/6gl1wIOuRgYCF6z7XZA=,dhFEpDhNHKkNFf4ihFEXkJrCkN0=
-9,-38,WEUij+M/6gl1wIOuRgYCF6z7XZA=,dhFEpDhNHKkNFf4ihFEXkJrCkN0=
-16,-37,WEUij+M/6gl1wIOuRgYCF6z7XZA=,dhFEpDhNHKkNFf4ihFEXkJrCkN0=
-5,-42,WEUij+M/6gl1wIOuRgYCF6z7XZA=,CYgSDP+HZynQ58OWf5ccBdLxRgI=
-9,-36,WEUij+M/6gl1wIOuRgYCF6z7XZA=,dhFEpDhNHKkNFf4ihFEXkJrCkN0=
-6,-41,WEUij+M/6gl1wIOuRgYCF6z7XZA=,CYgSDP+HZynQ58OWf5ccBdLxRgI=
-6,-42,WEUij+M/6gl1wIOuRgYCF6z7XZA=,CYgSDP+HZynQ58OWf5ccBdLxRgI=
-5,-47,WEUij+M/6gl1wIOuRgYCF6z7XZA=,CYgSDP+HZynQ58OWf5ccBdLxRgI=
-10,-36,WEUij+M/6gl1wIOuRgYCF6z7XZA=,dhFEpDhNHKkNFf4ihFEXkJrCkN0=
-11,-36,WEUij+M/6gl1wIOuRgYCF6z7XZA=,dhFEpDhNHKkNFf4ihFEXkJrCkN0=
-6,-47,WEUij+M/6gl1wIOuRgYCF6z7XZA=,CYgSDP+HZynQ58OWf5ccBdLxRgI=
-12,-36,WEUij+M/6gl1wIOuRgYCF6z7XZA=,dhFEpDhNHKkNFf4ihFEXkJrCkN0=
-13,-36,WEUij+M/6gl1wIOuRgYCF6z7XZA=,dhFEpDhNHKkNFf4ihFEXkJrCkN0=
-14,-36,WEUij+M/6gl1wIOuRgYCF6z7XZA=,dhFEpDhNHKkNFf4ihFEXkJrCkN0=
-7,-47,WEUij+M/6gl1wIOuRgYCF6z7XZA=,CYgSDP+HZynQ58OWf5ccBdLxRgI=
-15,-36,WEUij+M/6gl1wIOuRgYCF6z7XZA=,dhFEpDhNHKkNFf4ihFEXkJrCkN0=
-16,-36,WEUij+M/6gl1wIOuRgYCF6z7XZA=,dhFEpDhNHKkNFf4ihFEXkJrCkN0=
-15,-37,WEUij+M/6gl1wIOuRgYCF6z7XZA=,dhFEpDhNHKkNFf4ihFEXkJrCkN0=
-9,-37,WEUij+M/6gl1wIOuRgYCF6z7XZA=,dhFEpDhNHKkNFf4ihFEXkJrCkN0=
-7,-41,WEUij+M/6gl1wIOuRgYCF6z7XZA=,CYgSDP+HZynQ58OWf5ccBdLxRgI=
-14,-37,WEUij+M/6gl1wIOuRgYCF6z7XZA=,dhFEpDhNHKkNFf4ihFEXkJrCkN0=
-10,-37,WEUij+M/6gl1wIOuRgYCF6z7XZA=,dhFEpDhNHKkNFf4ihFEXkJrCkN0=
-13,-37,WEUij+M/6gl1wIOuRgYCF6z7XZA=,dhFEpDhNHKkNFf4ihFEXkJrCkN0=
-11,-37,WEUij+M/6gl1wIOuRgYCF6z7XZA=,dhFEpDhNHKkNFf4ihFEXkJrCkN0=
-12,-37,WEUij+M/6gl1wIOuRgYCF6z7XZA=,dhFEpDhNHKkNFf4ihFEXkJrCkN0=
-7,-42,WEUij+M/6gl1wIOuRgYCF6z7XZA=,CYgSDP+HZynQ58OWf5ccBdLxRgI=
-8,-47,WEUij+M/6gl1wIOuRgYCF6z7XZA=,CYgSDP+HZynQ58OWf5ccBdLxRgI=
-5,-48,WEUij+M/6gl1wIOuRgYCF6z7XZA=,CYgSDP+HZynQ58OWf5ccBdLxRgI=
-1,-44,WEUij+M/6gl1wIOuRgYCF6z7XZA=,CYgSDP+HZynQ58OWf5ccBdLxRgI=
-2,-44,WEUij+M/6gl1wIOuRgYCF6z7XZA=,CYgSDP+HZynQ58OWf5ccBdLxRgI=
-1,-48,WEUij+M/6gl1wIOuRgYCF6z7XZA=,CYgSDP+HZynQ58OWf5ccBdLxRgI=
-7,-44,WEUij+M/6gl1wIOuRgYCF6z7XZA=,CYgSDP+HZynQ58OWf5ccBdLxRgI=
-3,-44,WEUij+M/6gl1wIOuRgYCF6z7XZA=,CYgSDP+HZynQ58OWf5ccBdLxRgI=
-8,-44,WEUij+M/6gl1wIOuRgYCF6z7XZA=,CYgSDP+HZynQ58OWf5ccBdLxRgI=
-1,-45,WEUij+M/6gl1wIOuRgYCF6z7XZA=,CYgSDP+HZynQ58OWf5ccBdLxRgI=
-4,-44,WEUij+M/6gl1wIOuRgYCF6z7XZA=,CYgSDP+HZynQ58OWf5ccBdLxRgI=
-2,-48,WEUij+M/6gl1wIOuRgYCF6z7XZA=,CYgSDP+HZynQ58OWf5ccBdLxRgI=
-2,-45,WEUij+M/6gl1wIOuRgYCF6z7XZA=,CYgSDP+HZynQ58OWf5ccBdLxRgI=
-5,-44,WEUij+M/6gl1wIOuRgYCF6z7XZA=,CYgSDP+HZynQ58OWf5ccBdLxRgI=
-5,-43,WEUij+M/6gl1wIOuRgYCF6z7XZA=,CYgSDP+HZynQ58OWf5ccBdLxRgI=
-3,-45,WEUij+M/6gl1wIOuRgYCF6z7XZA=,CYgSDP+HZynQ58OWf5ccBdLxRgI=
-6,-44,WEUij+M/6gl1wIOuRgYCF6z7XZA=,CYgSDP+HZynQ58OWf5ccBdLxRgI=
-4,-45,WEUij+M/6gl1wIOuRgYCF6z7XZA=,CYgSDP+HZynQ58OWf5ccBdLxRgI=
-6,-48,WEUij+M/6gl1wIOuRgYCF6z7XZA=,CYgSDP+HZynQ58OWf5ccBdLxRgI=
-7,-45,WEUij+M/6gl1wIOuRgYCF6z7XZA=,CYgSDP+HZynQ58OWf5ccBdLxRgI=
-8,-45,WEUij+M/6gl1wIOuRgYCF6z7XZA=,CYgSDP+HZynQ58OWf5ccBdLxRgI=
-1,-46,WEUij+M/6gl1wIOuRgYCF6z7XZA=,CYgSDP+HZynQ58OWf5ccBdLxRgI=
-2,-46,WEUij+M/6gl1wIOuRgYCF6z7XZA=,CYgSDP+HZynQ58OWf5ccBdLxRgI=
-3,-46,WEUij+M/6gl1wIOuRgYCF6z7XZA=,CYgSDP+HZynQ58OWf5ccBdLxRgI=
-5,-45,WEUij+M/6gl1wIOuRgYCF6z7XZA=,CYgSDP+HZynQ58OWf5ccBdLxRgI=
-4,-46,WEUij+M/6gl1wIOuRgYCF6z7XZA=,CYgSDP+HZynQ58OWf5ccBdLxRgI=
-8,-46,WEUij+M/6gl1wIOuRgYCF6z7XZA=,CYgSDP+HZynQ58OWf5ccBdLxRgI=
-8,-42,WEUij+M/6gl1wIOuRgYCF6z7XZA=,CYgSDP+HZynQ58OWf5ccBdLxRgI=
-1,-43,WEUij+M/6gl1wIOuRgYCF6z7XZA=,CYgSDP+HZynQ58OWf5ccBdLxRgI=
-1,-42,WEUij+M/6gl1wIOuRgYCF6z7XZA=,CYgSDP+HZynQ58OWf5ccBdLxRgI=
-6,-43,WEUij+M/6gl1wIOuRgYCF6z7XZA=,CYgSDP+HZynQ58OWf5ccBdLxRgI=
-2,-42,WEUij+M/6gl1wIOuRgYCF6z7XZA=,CYgSDP+HZynQ58OWf5ccBdLxRgI=
-3,-48,WEUij+M/6gl1wIOuRgYCF6z7XZA=,CYgSDP+HZynQ58OWf5ccBdLxRgI=
-2,-43,WEUij+M/6gl1wIOuRgYCF6z7XZA=,CYgSDP+HZynQ58OWf5ccBdLxRgI=
-7,-43,WEUij+M/6gl1wIOuRgYCF6z7XZA=,CYgSDP+HZynQ58OWf5ccBdLxRgI=
-1,-47,WEUij+M/6gl1wIOuRgYCF6z7XZA=,CYgSDP+HZynQ58OWf5ccBdLxRgI=
-8,-43,WEUij+M/6gl1wIOuRgYCF6z7XZA=,CYgSDP+HZynQ58OWf5ccBdLxRgI=
-1,-41,WEUij+M/6gl1wIOuRgYCF6z7XZA=,CYgSDP+HZynQ58OWf5ccBdLxRgI=
-2,-47,WEUij+M/6gl1wIOuRgYCF6z7XZA=,CYgSDP+HZynQ58OWf5ccBdLxRgI=
-6,-45,WEUij+M/6gl1wIOuRgYCF6z7XZA=,CYgSDP+HZynQ58OWf5ccBdLxRgI=
-7,-48,WEUij+M/6gl1wIOuRgYCF6z7XZA=,CYgSDP+HZynQ58OWf5ccBdLxRgI=
-2,-41,WEUij+M/6gl1wIOuRgYCF6z7XZA=,CYgSDP+HZynQ58OWf5ccBdLxRgI=
-4,-48,WEUij+M/6gl1wIOuRgYCF6z7XZA=,CYgSDP+HZynQ58OWf5ccBdLxRgI=
-3,-41,WEUij+M/6gl1wIOuRgYCF6z7XZA=,CYgSDP+HZynQ58OWf5ccBdLxRgI=
-3,-47,WEUij+M/6gl1wIOuRgYCF6z7XZA=,CYgSDP+HZynQ58OWf5ccBdLxRgI=
-20,-49,Vy0JcGDyrs6JSuA+XKhw7So53lM=,9tgAxxy/dPsRzv2ysGbkbGE+yXE=
-21,-49,Vy0JcGDyrs6JSuA+XKhw7So53lM=,9tgAxxy/dPsRzv2ysGbkbGE+yXE=
-21,-54,Vy0JcGDyrs6JSuA+XKhw7So53lM=,9tgAxxy/dPsRzv2ysGbkbGE+yXE=
-22,-54,Vy0JcGDyrs6JSuA+XKhw7So53lM=,9tgAxxy/dPsRzv2ysGbkbGE+yXE=
-23,-54,Vy0JcGDyrs6JSuA+XKhw7So53lM=,9tgAxxy/dPsRzv2ysGbkbGE+yXE=
-22,-49,Vy0JcGDyrs6JSuA+XKhw7So53lM=,9tgAxxy/dPsRzv2ysGbkbGE+yXE=
-19,-50,Vy0JcGDyrs6JSuA+XKhw7So53lM=,9tgAxxy/dPsRzv2ysGbkbGE+yXE=
-20,-50,Vy0JcGDyrs6JSuA+XKhw7So53lM=,9tgAxxy/dPsRzv2ysGbkbGE+yXE=
-21,-55,Vy0JcGDyrs6JSuA+XKhw7So53lM=,9tgAxxy/dPsRzv2ysGbkbGE+yXE=
-17,-51,Vy0JcGDyrs6JSuA+XKhw7So53lM=,9tgAxxy/dPsRzv2ysGbkbGE+yXE=
-24,-54,Vy0JcGDyrs6JSuA+XKhw7So53lM=,9tgAxxy/dPsRzv2ysGbkbGE+yXE=
-17,-55,Vy0JcGDyrs6JSuA+XKhw7So53lM=,9tgAxxy/dPsRzv2ysGbkbGE+yXE=
-18,-55,Vy0JcGDyrs6JSuA+XKhw7So53lM=,9tgAxxy/dPsRzv2ysGbkbGE+yXE=
-19,-55,Vy0JcGDyrs6JSuA+XKhw7So53lM=,9tgAxxy/dPsRzv2ysGbkbGE+yXE=
-23,-51,Vy0JcGDyrs6JSuA+XKhw7So53lM=,9tgAxxy/dPsRzv2ysGbkbGE+yXE=
-21,-56,Vy0JcGDyrs6JSuA+XKhw7So53lM=,9tgAxxy/dPsRzv2ysGbkbGE+yXE=
-21,-50,Vy0JcGDyrs6JSuA+XKhw7So53lM=,9tgAxxy/dPsRzv2ysGbkbGE+yXE=
-20,-55,Vy0JcGDyrs6JSuA+XKhw7So53lM=,9tgAxxy/dPsRzv2ysGbkbGE+yXE=
-23,-49,Vy0JcGDyrs6JSuA+XKhw7So53lM=,9tgAxxy/dPsRzv2ysGbkbGE+yXE=
-18,-51,Vy0JcGDyrs6JSuA+XKhw7So53lM=,9tgAxxy/dPsRzv2ysGbkbGE+yXE=
-24,-51,Vy0JcGDyrs6JSuA+XKhw7So53lM=,9tgAxxy/dPsRzv2ysGbkbGE+yXE=
-22,-55,Vy0JcGDyrs6JSuA+XKhw7So53lM=,9tgAxxy/dPsRzv2ysGbkbGE+yXE=
-23,-55,Vy0JcGDyrs6JSuA+XKhw7So53lM=,9tgAxxy/dPsRzv2ysGbkbGE+yXE=
-19,-51,Vy0JcGDyrs6JSuA+XKhw7So53lM=,9tgAxxy/dPsRzv2ysGbkbGE+yXE=
-24,-49,Vy0JcGDyrs6JSuA+XKhw7So53lM=,9tgAxxy/dPsRzv2ysGbkbGE+yXE=
-17,-52,Vy0JcGDyrs6JSuA+XKhw7So53lM=,9tgAxxy/dPsRzv2ysGbkbGE+yXE=
-20,-51,Vy0JcGDyrs6JSuA+XKhw7So53lM=,9tgAxxy/dPsRzv2ysGbkbGE+yXE=
-17,-50,Vy0JcGDyrs6JSuA+XKhw7So53lM=,9tgAxxy/dPsRzv2ysGbkbGE+yXE=
-24,-55,Vy0JcGDyrs6JSuA+XKhw7So53lM=,9tgAxxy/dPsRzv2ysGbkbGE+yXE=
-18,-52,Vy0JcGDyrs6JSuA+XKhw7So53lM=,9tgAxxy/dPsRzv2ysGbkbGE+yXE=
-17,-56,Vy0JcGDyrs6JSuA+XKhw7So53lM=,9tgAxxy/dPsRzv2ysGbkbGE+yXE=
-21,-51,Vy0JcGDyrs6JSuA+XKhw7So53lM=,9tgAxxy/dPsRzv2ysGbkbGE+yXE=
-18,-56,Vy0JcGDyrs6JSuA+XKhw7So53lM=,9tgAxxy/dPsRzv2ysGbkbGE+yXE=
-21,-53,Vy0JcGDyrs6JSuA+XKhw7So53lM=,9tgAxxy/dPsRzv2ysGbkbGE+yXE=
-19,-52,Vy0JcGDyrs6JSuA+XKhw7So53lM=,9tgAxxy/dPsRzv2ysGbkbGE+yXE=
-23,-52,Vy0JcGDyrs6JSuA+XKhw7So53lM=,9tgAxxy/dPsRzv2ysGbkbGE+yXE=
-18,-50,Vy0JcGDyrs6JSuA+XKhw7So53lM=,9tgAxxy/dPsRzv2ysGbkbGE+yXE=
-24,-52,Vy0JcGDyrs6JSuA+XKhw7So53lM=,9tgAxxy/dPsRzv2ysGbkbGE+yXE=
-18,-53,Vy0JcGDyrs6JSuA+XKhw7So53lM=,9tgAxxy/dPsRzv2ysGbkbGE+yXE=
-17,-53,Vy0JcGDyrs6JSuA+XKhw7So53lM=,9tgAxxy/dPsRzv2ysGbkbGE+yXE=
-19,-56,Vy0JcGDyrs6JSuA+XKhw7So53lM=,9tgAxxy/dPsRzv2ysGbkbGE+yXE=
-20,-52,Vy0JcGDyrs6JSuA+XKhw7So53lM=,9tgAxxy/dPsRzv2ysGbkbGE+yXE=
-19,-53,Vy0JcGDyrs6JSuA+XKhw7So53lM=,9tgAxxy/dPsRzv2ysGbkbGE+yXE=
-20,-53,Vy0JcGDyrs6JSuA+XKhw7So53lM=,9tgAxxy/dPsRzv2ysGbkbGE+yXE=
-20,-56,Vy0JcGDyrs6JSuA+XKhw7So53lM=,9tgAxxy/dPsRzv2ysGbkbGE+yXE=
-24,-56,Vy0JcGDyrs6JSuA+XKhw7So53lM=,9tgAxxy/dPsRzv2ysGbkbGE+yXE=
-22,-56,Vy0JcGDyrs6JSuA+XKhw7So53lM=,9tgAxxy/dPsRzv2ysGbkbGE+yXE=
-22,-53,Vy0JcGDyrs6JSuA+XKhw7So53lM=,9tgAxxy/dPsRzv2ysGbkbGE+yXE=
-23,-53,Vy0JcGDyrs6JSuA+XKhw7So53lM=,9tgAxxy/dPsRzv2ysGbkbGE+yXE=
-24,-53,Vy0JcGDyrs6JSuA+XKhw7So53lM=,9tgAxxy/dPsRzv2ysGbkbGE+yXE=
-17,-54,Vy0JcGDyrs6JSuA+XKhw7So53lM=,9tgAxxy/dPsRzv2ysGbkbGE+yXE=
-19,-54,Vy0JcGDyrs6JSuA+XKhw7So53lM=,9tgAxxy/dPsRzv2ysGbkbGE+yXE=
-18,-54,Vy0JcGDyrs6JSuA+XKhw7So53lM=,9tgAxxy/dPsRzv2ysGbkbGE+yXE=
-20,-54,Vy0JcGDyrs6JSuA+XKhw7So53lM=,9tgAxxy/dPsRzv2ysGbkbGE+yXE=
-23,-56,Vy0JcGDyrs6JSuA+XKhw7So53lM=,9tgAxxy/dPsRzv2ysGbkbGE+yXE=
-22,-50,Vy0JcGDyrs6JSuA+XKhw7So53lM=,9tgAxxy/dPsRzv2ysGbkbGE+yXE=
-23,-50,Vy0JcGDyrs6JSuA+XKhw7So53lM=,9tgAxxy/dPsRzv2ysGbkbGE+yXE=
-21,-52,Vy0JcGDyrs6JSuA+XKhw7So53lM=,9tgAxxy/dPsRzv2ysGbkbGE+yXE=
-22,-52,Vy0JcGDyrs6JSuA+XKhw7So53lM=,9tgAxxy/dPsRzv2ysGbkbGE+yXE=
-24,-50,Vy0JcGDyrs6JSuA+XKhw7So53lM=,9tgAxxy/dPsRzv2ysGbkbGE+yXE=
-22,-51,Vy0JcGDyrs6JSuA+XKhw7So53lM=,9tgAxxy/dPsRzv2ysGbkbGE+yXE=
-17,-49,Vy0JcGDyrs6JSuA+XKhw7So53lM=,9tgAxxy/dPsRzv2ysGbkbGE+yXE=
-18,-49,Vy0JcGDyrs6JSuA+XKhw7So53lM=,9tgAxxy/dPsRzv2ysGbkbGE+yXE=
-19,-49,Vy0JcGDyrs6JSuA+XKhw7So53lM=,9tgAxxy/dPsRzv2ysGbkbGE+yXE=
-24,-47,Vy0JcGDyrs6JSuA+XKhw7So53lM=,Axwbh/XaXTw5cDbOu8Oj3+JsqVU=
-18,-42,Vy0JcGDyrs6JSuA+XKhw7So53lM=,Axwbh/XaXTw5cDbOu8Oj3+JsqVU=
-19,-42,Vy0JcGDyrs6JSuA+XKhw7So53lM=,Axwbh/XaXTw5cDbOu8Oj3+JsqVU=
-20,-42,Vy0JcGDyrs6JSuA+XKhw7So53lM=,Axwbh/XaXTw5cDbOu8Oj3+JsqVU=
-21,-42,Vy0JcGDyrs6JSuA+XKhw7So53lM=,Axwbh/XaXTw5cDbOu8Oj3+JsqVU=
-22,-42,Vy0JcGDyrs6JSuA+XKhw7So53lM=,Axwbh/XaXTw5cDbOu8Oj3+JsqVU=
-23,-42,Vy0JcGDyrs6JSuA+XKhw7So53lM=,Axwbh/XaXTw5cDbOu8Oj3+JsqVU=
-24,-42,Vy0JcGDyrs6JSuA+XKhw7So53lM=,Axwbh/XaXTw5cDbOu8Oj3+JsqVU=
-18,-43,Vy0JcGDyrs6JSuA+XKhw7So53lM=,Axwbh/XaXTw5cDbOu8Oj3+JsqVU=
-19,-43,Vy0JcGDyrs6JSuA+XKhw7So53lM=,Axwbh/XaXTw5cDbOu8Oj3+JsqVU=
-20,-43,Vy0JcGDyrs6JSuA+XKhw7So53lM=,Axwbh/XaXTw5cDbOu8Oj3+JsqVU=
-21,-43,Vy0JcGDyrs6JSuA+XKhw7So53lM=,Axwbh/XaXTw5cDbOu8Oj3+JsqVU=
-22,-43,Vy0JcGDyrs6JSuA+XKhw7So53lM=,Axwbh/XaXTw5cDbOu8Oj3+JsqVU=
-23,-43,Vy0JcGDyrs6JSuA+XKhw7So53lM=,Axwbh/XaXTw5cDbOu8Oj3+JsqVU=
-24,-43,Vy0JcGDyrs6JSuA+XKhw7So53lM=,Axwbh/XaXTw5cDbOu8Oj3+JsqVU=
-18,-44,Vy0JcGDyrs6JSuA+XKhw7So53lM=,Axwbh/XaXTw5cDbOu8Oj3+JsqVU=
-19,-44,Vy0JcGDyrs6JSuA+XKhw7So53lM=,Axwbh/XaXTw5cDbOu8Oj3+JsqVU=
-20,-44,Vy0JcGDyrs6JSuA+XKhw7So53lM=,Axwbh/XaXTw5cDbOu8Oj3+JsqVU=
-21,-44,Vy0JcGDyrs6JSuA+XKhw7So53lM=,Axwbh/XaXTw5cDbOu8Oj3+JsqVU=
-22,-44,Vy0JcGDyrs6JSuA+XKhw7So53lM=,Axwbh/XaXTw5cDbOu8Oj3+JsqVU=
-23,-44,Vy0JcGDyrs6JSuA+XKhw7So53lM=,Axwbh/XaXTw5cDbOu8Oj3+JsqVU=
-24,-44,Vy0JcGDyrs6JSuA+XKhw7So53lM=,Axwbh/XaXTw5cDbOu8Oj3+JsqVU=
-18,-45,Vy0JcGDyrs6JSuA+XKhw7So53lM=,Axwbh/XaXTw5cDbOu8Oj3+JsqVU=
-19,-45,Vy0JcGDyrs6JSuA+XKhw7So53lM=,Axwbh/XaXTw5cDbOu8Oj3+JsqVU=
-20,-45,Vy0JcGDyrs6JSuA+XKhw7So53lM=,Axwbh/XaXTw5cDbOu8Oj3+JsqVU=
-21,-45,Vy0JcGDyrs6JSuA+XKhw7So53lM=,Axwbh/XaXTw5cDbOu8Oj3+JsqVU=
-22,-45,Vy0JcGDyrs6JSuA+XKhw7So53lM=,Axwbh/XaXTw5cDbOu8Oj3+JsqVU=
-23,-45,Vy0JcGDyrs6JSuA+XKhw7So53lM=,Axwbh/XaXTw5cDbOu8Oj3+JsqVU=
-24,-45,Vy0JcGDyrs6JSuA+XKhw7So53lM=,Axwbh/XaXTw5cDbOu8Oj3+JsqVU=
-18,-46,Vy0JcGDyrs6JSuA+XKhw7So53lM=,Axwbh/XaXTw5cDbOu8Oj3+JsqVU=
-19,-46,Vy0JcGDyrs6JSuA+XKhw7So53lM=,Axwbh/XaXTw5cDbOu8Oj3+JsqVU=
-20,-46,Vy0JcGDyrs6JSuA+XKhw7So53lM=,Axwbh/XaXTw5cDbOu8Oj3+JsqVU=
-21,-46,Vy0JcGDyrs6JSuA+XKhw7So53lM=,Axwbh/XaXTw5cDbOu8Oj3+JsqVU=
-22,-46,Vy0JcGDyrs6JSuA+XKhw7So53lM=,Axwbh/XaXTw5cDbOu8Oj3+JsqVU=
-23,-46,Vy0JcGDyrs6JSuA+XKhw7So53lM=,Axwbh/XaXTw5cDbOu8Oj3+JsqVU=
-24,-46,Vy0JcGDyrs6JSuA+XKhw7So53lM=,Axwbh/XaXTw5cDbOu8Oj3+JsqVU=
-18,-47,Vy0JcGDyrs6JSuA+XKhw7So53lM=,Axwbh/XaXTw5cDbOu8Oj3+JsqVU=
-19,-47,Vy0JcGDyrs6JSuA+XKhw7So53lM=,Axwbh/XaXTw5cDbOu8Oj3+JsqVU=
-20,-47,Vy0JcGDyrs6JSuA+XKhw7So53lM=,Axwbh/XaXTw5cDbOu8Oj3+JsqVU=
-21,-47,Vy0JcGDyrs6JSuA+XKhw7So53lM=,Axwbh/XaXTw5cDbOu8Oj3+JsqVU=
-22,-47,Vy0JcGDyrs6JSuA+XKhw7So53lM=,Axwbh/XaXTw5cDbOu8Oj3+JsqVU=
-23,-47,Vy0JcGDyrs6JSuA+XKhw7So53lM=,Axwbh/XaXTw5cDbOu8Oj3+JsqVU=
-17,-47,Vy0JcGDyrs6JSuA+XKhw7So53lM=,Axwbh/XaXTw5cDbOu8Oj3+JsqVU=
-17,-46,Vy0JcGDyrs6JSuA+XKhw7So53lM=,Axwbh/XaXTw5cDbOu8Oj3+JsqVU=
-17,-45,Vy0JcGDyrs6JSuA+XKhw7So53lM=,Axwbh/XaXTw5cDbOu8Oj3+JsqVU=
-17,-44,Vy0JcGDyrs6JSuA+XKhw7So53lM=,Axwbh/XaXTw5cDbOu8Oj3+JsqVU=
-17,-43,Vy0JcGDyrs6JSuA+XKhw7So53lM=,Axwbh/XaXTw5cDbOu8Oj3+JsqVU=
-17,-42,Vy0JcGDyrs6JSuA+XKhw7So53lM=,Axwbh/XaXTw5cDbOu8Oj3+JsqVU=
-28,-35,Vy0JcGDyrs6JSuA+XKhw7So53lM=,QGefQbC/0pEPVl2g3weUdWB34Eg=
-27,-35,Vy0JcGDyrs6JSuA+XKhw7So53lM=,QGefQbC/0pEPVl2g3weUdWB34Eg=
-31,-40,Vy0JcGDyrs6JSuA+XKhw7So53lM=,QGefQbC/0pEPVl2g3weUdWB34Eg=
-26,-35,Vy0JcGDyrs6JSuA+XKhw7So53lM=,QGefQbC/0pEPVl2g3weUdWB34Eg=
-32,-34,Vy0JcGDyrs6JSuA+XKhw7So53lM=,QGefQbC/0pEPVl2g3weUdWB34Eg=
-30,-40,Vy0JcGDyrs6JSuA+XKhw7So53lM=,QGefQbC/0pEPVl2g3weUdWB34Eg=
-29,-40,Vy0JcGDyrs6JSuA+XKhw7So53lM=,QGefQbC/0pEPVl2g3weUdWB34Eg=
-28,-40,Vy0JcGDyrs6JSuA+XKhw7So53lM=,QGefQbC/0pEPVl2g3weUdWB34Eg=
-27,-40,Vy0JcGDyrs6JSuA+XKhw7So53lM=,QGefQbC/0pEPVl2g3weUdWB34Eg=
-31,-34,Vy0JcGDyrs6JSuA+XKhw7So53lM=,QGefQbC/0pEPVl2g3weUdWB34Eg=
-30,-34,Vy0JcGDyrs6JSuA+XKhw7So53lM=,QGefQbC/0pEPVl2g3weUdWB34Eg=
-26,-40,Vy0JcGDyrs6JSuA+XKhw7So53lM=,QGefQbC/0pEPVl2g3weUdWB34Eg=
-29,-34,Vy0JcGDyrs6JSuA+XKhw7So53lM=,QGefQbC/0pEPVl2g3weUdWB34Eg=
-32,-39,Vy0JcGDyrs6JSuA+XKhw7So53lM=,QGefQbC/0pEPVl2g3weUdWB34Eg=
-28,-34,Vy0JcGDyrs6JSuA+XKhw7So53lM=,QGefQbC/0pEPVl2g3weUdWB34Eg=
-31,-39,Vy0JcGDyrs6JSuA+XKhw7So53lM=,QGefQbC/0pEPVl2g3weUdWB34Eg=
-30,-39,Vy0JcGDyrs6JSuA+XKhw7So53lM=,QGefQbC/0pEPVl2g3weUdWB34Eg=
-29,-39,Vy0JcGDyrs6JSuA+XKhw7So53lM=,QGefQbC/0pEPVl2g3weUdWB34Eg=
-27,-34,Vy0JcGDyrs6JSuA+XKhw7So53lM=,QGefQbC/0pEPVl2g3weUdWB34Eg=
-26,-34,Vy0JcGDyrs6JSuA+XKhw7So53lM=,QGefQbC/0pEPVl2g3weUdWB34Eg=
-28,-39,Vy0JcGDyrs6JSuA+XKhw7So53lM=,QGefQbC/0pEPVl2g3weUdWB34Eg=
-27,-39,Vy0JcGDyrs6JSuA+XKhw7So53lM=,QGefQbC/0pEPVl2g3weUdWB34Eg=
-26,-39,Vy0JcGDyrs6JSuA+XKhw7So53lM=,QGefQbC/0pEPVl2g3weUdWB34Eg=
-31,-33,Vy0JcGDyrs6JSuA+XKhw7So53lM=,QGefQbC/0pEPVl2g3weUdWB34Eg=
-32,-38,Vy0JcGDyrs6JSuA+XKhw7So53lM=,QGefQbC/0pEPVl2g3weUdWB34Eg=
-30,-33,Vy0JcGDyrs6JSuA+XKhw7So53lM=,QGefQbC/0pEPVl2g3weUdWB34Eg=
-31,-38,Vy0JcGDyrs6JSuA+XKhw7So53lM=,QGefQbC/0pEPVl2g3weUdWB34Eg=
-30,-38,Vy0JcGDyrs6JSuA+XKhw7So53lM=,QGefQbC/0pEPVl2g3weUdWB34Eg=
-29,-38,Vy0JcGDyrs6JSuA+XKhw7So53lM=,QGefQbC/0pEPVl2g3weUdWB34Eg=
-29,-33,Vy0JcGDyrs6JSuA+XKhw7So53lM=,QGefQbC/0pEPVl2g3weUdWB34Eg=
-28,-38,Vy0JcGDyrs6JSuA+XKhw7So53lM=,QGefQbC/0pEPVl2g3weUdWB34Eg=
-29,-35,Vy0JcGDyrs6JSuA+XKhw7So53lM=,QGefQbC/0pEPVl2g3weUdWB34Eg=
-30,-35,Vy0JcGDyrs6JSuA+XKhw7So53lM=,QGefQbC/0pEPVl2g3weUdWB34Eg=
-27,-38,Vy0JcGDyrs6JSuA+XKhw7So53lM=,QGefQbC/0pEPVl2g3weUdWB34Eg=
-31,-35,Vy0JcGDyrs6JSuA+XKhw7So53lM=,QGefQbC/0pEPVl2g3weUdWB34Eg=
-32,-33,Vy0JcGDyrs6JSuA+XKhw7So53lM=,QGefQbC/0pEPVl2g3weUdWB34Eg=
-26,-38,Vy0JcGDyrs6JSuA+XKhw7So53lM=,QGefQbC/0pEPVl2g3weUdWB34Eg=
-28,-33,Vy0JcGDyrs6JSuA+XKhw7So53lM=,QGefQbC/0pEPVl2g3weUdWB34Eg=
-32,-37,Vy0JcGDyrs6JSuA+XKhw7So53lM=,QGefQbC/0pEPVl2g3weUdWB34Eg=
-31,-37,Vy0JcGDyrs6JSuA+XKhw7So53lM=,QGefQbC/0pEPVl2g3weUdWB34Eg=
-27,-33,Vy0JcGDyrs6JSuA+XKhw7So53lM=,QGefQbC/0pEPVl2g3weUdWB34Eg=
-26,-33,Vy0JcGDyrs6JSuA+XKhw7So53lM=,QGefQbC/0pEPVl2g3weUdWB34Eg=
-30,-37,Vy0JcGDyrs6JSuA+XKhw7So53lM=,QGefQbC/0pEPVl2g3weUdWB34Eg=
-29,-37,Vy0JcGDyrs6JSuA+XKhw7So53lM=,QGefQbC/0pEPVl2g3weUdWB34Eg=
-28,-37,Vy0JcGDyrs6JSuA+XKhw7So53lM=,QGefQbC/0pEPVl2g3weUdWB34Eg=
-27,-37,Vy0JcGDyrs6JSuA+XKhw7So53lM=,QGefQbC/0pEPVl2g3weUdWB34Eg=
-26,-37,Vy0JcGDyrs6JSuA+XKhw7So53lM=,QGefQbC/0pEPVl2g3weUdWB34Eg=
-32,-36,Vy0JcGDyrs6JSuA+XKhw7So53lM=,QGefQbC/0pEPVl2g3weUdWB34Eg=
-31,-36,Vy0JcGDyrs6JSuA+XKhw7So53lM=,QGefQbC/0pEPVl2g3weUdWB34Eg=
-30,-36,Vy0JcGDyrs6JSuA+XKhw7So53lM=,QGefQbC/0pEPVl2g3weUdWB34Eg=
-29,-36,Vy0JcGDyrs6JSuA+XKhw7So53lM=,QGefQbC/0pEPVl2g3weUdWB34Eg=
-28,-36,Vy0JcGDyrs6JSuA+XKhw7So53lM=,QGefQbC/0pEPVl2g3weUdWB34Eg=
-27,-36,Vy0JcGDyrs6JSuA+XKhw7So53lM=,QGefQbC/0pEPVl2g3weUdWB34Eg=
-26,-36,Vy0JcGDyrs6JSuA+XKhw7So53lM=,QGefQbC/0pEPVl2g3weUdWB34Eg=
-32,-35,Vy0JcGDyrs6JSuA+XKhw7So53lM=,QGefQbC/0pEPVl2g3weUdWB34Eg=
-23,-48,Vy0JcGDyrs6JSuA+XKhw7So53lM=,Axwbh/XaXTw5cDbOu8Oj3+JsqVU=
-22,-48,Vy0JcGDyrs6JSuA+XKhw7So53lM=,Axwbh/XaXTw5cDbOu8Oj3+JsqVU=
-21,-48,UJmzpl3PAAXA2cmR5UeYVMPrWhE=,Axwbh/XaXTw5cDbOu8Oj3+JsqVU=
-20,-48,UJmzpl3PAAXA2cmR5UeYVMPrWhE=,Axwbh/XaXTw5cDbOu8Oj3+JsqVU=
-19,-48,UJmzpl3PAAXA2cmR5UeYVMPrWhE=,Axwbh/XaXTw5cDbOu8Oj3+JsqVU=
-18,-48,UJmzpl3PAAXA2cmR5UeYVMPrWhE=,Axwbh/XaXTw5cDbOu8Oj3+JsqVU=
-21,-37,UJmzpl3PAAXA2cmR5UeYVMPrWhE=,F1hLV9BNmEjBtQVXki7bMRBZWV8=
-17,-33,UJmzpl3PAAXA2cmR5UeYVMPrWhE=,F1hLV9BNmEjBtQVXki7bMRBZWV8=
-21,-41,UJmzpl3PAAXA2cmR5UeYVMPrWhE=,Axwbh/XaXTw5cDbOu8Oj3+JsqVU=
-20,-41,UJmzpl3PAAXA2cmR5UeYVMPrWhE=,Axwbh/XaXTw5cDbOu8Oj3+JsqVU=
-19,-41,UJmzpl3PAAXA2cmR5UeYVMPrWhE=,Axwbh/XaXTw5cDbOu8Oj3+JsqVU=
-18,-41,UJmzpl3PAAXA2cmR5UeYVMPrWhE=,Axwbh/XaXTw5cDbOu8Oj3+JsqVU=
-18,-38,UJmzpl3PAAXA2cmR5UeYVMPrWhE=,F1hLV9BNmEjBtQVXki7bMRBZWV8=
-17,-38,UJmzpl3PAAXA2cmR5UeYVMPrWhE=,F1hLV9BNmEjBtQVXki7bMRBZWV8=
-19,-33,UJmzpl3PAAXA2cmR5UeYVMPrWhE=,F1hLV9BNmEjBtQVXki7bMRBZWV8=
-17,-48,UJmzpl3PAAXA2cmR5UeYVMPrWhE=,Axwbh/XaXTw5cDbOu8Oj3+JsqVU=
-22,-37,UJmzpl3PAAXA2cmR5UeYVMPrWhE=,F1hLV9BNmEjBtQVXki7bMRBZWV8=
-22,-41,UJmzpl3PAAXA2cmR5UeYVMPrWhE=,Axwbh/XaXTw5cDbOu8Oj3+JsqVU=
-18,-33,UJmzpl3PAAXA2cmR5UeYVMPrWhE=,F1hLV9BNmEjBtQVXki7bMRBZWV8=
-23,-41,UJmzpl3PAAXA2cmR5UeYVMPrWhE=,Axwbh/XaXTw5cDbOu8Oj3+JsqVU=
-20,-33,UJmzpl3PAAXA2cmR5UeYVMPrWhE=,F1hLV9BNmEjBtQVXki7bMRBZWV8=
-24,-37,UJmzpl3PAAXA2cmR5UeYVMPrWhE=,F1hLV9BNmEjBtQVXki7bMRBZWV8=
-21,-33,UJmzpl3PAAXA2cmR5UeYVMPrWhE=,F1hLV9BNmEjBtQVXki7bMRBZWV8=
-24,-40,UJmzpl3PAAXA2cmR5UeYVMPrWhE=,F1hLV9BNmEjBtQVXki7bMRBZWV8=
-20,-37,UJmzpl3PAAXA2cmR5UeYVMPrWhE=,F1hLV9BNmEjBtQVXki7bMRBZWV8=
-22,-39,UJmzpl3PAAXA2cmR5UeYVMPrWhE=,F1hLV9BNmEjBtQVXki7bMRBZWV8=
-19,-37,UJmzpl3PAAXA2cmR5UeYVMPrWhE=,F1hLV9BNmEjBtQVXki7bMRBZWV8=
-17,-41,UJmzpl3PAAXA2cmR5UeYVMPrWhE=,Axwbh/XaXTw5cDbOu8Oj3+JsqVU=
-18,-37,UJmzpl3PAAXA2cmR5UeYVMPrWhE=,F1hLV9BNmEjBtQVXki7bMRBZWV8=
-17,-37,UJmzpl3PAAXA2cmR5UeYVMPrWhE=,F1hLV9BNmEjBtQVXki7bMRBZWV8=
-25,-35,UJmzpl3PAAXA2cmR5UeYVMPrWhE=,QGefQbC/0pEPVl2g3weUdWB34Eg=
-19,-38,UJmzpl3PAAXA2cmR5UeYVMPrWhE=,F1hLV9BNmEjBtQVXki7bMRBZWV8=
-17,-39,UJmzpl3PAAXA2cmR5UeYVMPrWhE=,F1hLV9BNmEjBtQVXki7bMRBZWV8=
-20,-38,UJmzpl3PAAXA2cmR5UeYVMPrWhE=,F1hLV9BNmEjBtQVXki7bMRBZWV8=
-22,-33,UJmzpl3PAAXA2cmR5UeYVMPrWhE=,F1hLV9BNmEjBtQVXki7bMRBZWV8=
-24,-36,UJmzpl3PAAXA2cmR5UeYVMPrWhE=,F1hLV9BNmEjBtQVXki7bMRBZWV8=
-20,-40,UJmzpl3PAAXA2cmR5UeYVMPrWhE=,F1hLV9BNmEjBtQVXki7bMRBZWV8=
-24,-33,UJmzpl3PAAXA2cmR5UeYVMPrWhE=,F1hLV9BNmEjBtQVXki7bMRBZWV8=
-23,-33,UJmzpl3PAAXA2cmR5UeYVMPrWhE=,F1hLV9BNmEjBtQVXki7bMRBZWV8=
-17,-34,UJmzpl3PAAXA2cmR5UeYVMPrWhE=,F1hLV9BNmEjBtQVXki7bMRBZWV8=
-23,-39,UJmzpl3PAAXA2cmR5UeYVMPrWhE=,F1hLV9BNmEjBtQVXki7bMRBZWV8=
-24,-41,UJmzpl3PAAXA2cmR5UeYVMPrWhE=,Axwbh/XaXTw5cDbOu8Oj3+JsqVU=
-18,-34,UJmzpl3PAAXA2cmR5UeYVMPrWhE=,F1hLV9BNmEjBtQVXki7bMRBZWV8=
-19,-34,UJmzpl3PAAXA2cmR5UeYVMPrWhE=,F1hLV9BNmEjBtQVXki7bMRBZWV8=
-23,-36,UJmzpl3PAAXA2cmR5UeYVMPrWhE=,F1hLV9BNmEjBtQVXki7bMRBZWV8=
-23,-37,UJmzpl3PAAXA2cmR5UeYVMPrWhE=,F1hLV9BNmEjBtQVXki7bMRBZWV8=
-20,-34,UJmzpl3PAAXA2cmR5UeYVMPrWhE=,F1hLV9BNmEjBtQVXki7bMRBZWV8=
-18,-39,UJmzpl3PAAXA2cmR5UeYVMPrWhE=,F1hLV9BNmEjBtQVXki7bMRBZWV8=
-21,-34,UJmzpl3PAAXA2cmR5UeYVMPrWhE=,F1hLV9BNmEjBtQVXki7bMRBZWV8=
-22,-36,UJmzpl3PAAXA2cmR5UeYVMPrWhE=,F1hLV9BNmEjBtQVXki7bMRBZWV8=
-21,-36,UJmzpl3PAAXA2cmR5UeYVMPrWhE=,F1hLV9BNmEjBtQVXki7bMRBZWV8=
-25,-36,UJmzpl3PAAXA2cmR5UeYVMPrWhE=,QGefQbC/0pEPVl2g3weUdWB34Eg=
-22,-34,UJmzpl3PAAXA2cmR5UeYVMPrWhE=,F1hLV9BNmEjBtQVXki7bMRBZWV8=
-24,-38,UJmzpl3PAAXA2cmR5UeYVMPrWhE=,F1hLV9BNmEjBtQVXki7bMRBZWV8=
-21,-39,UJmzpl3PAAXA2cmR5UeYVMPrWhE=,F1hLV9BNmEjBtQVXki7bMRBZWV8=
-20,-36,UJmzpl3PAAXA2cmR5UeYVMPrWhE=,F1hLV9BNmEjBtQVXki7bMRBZWV8=
-19,-36,UJmzpl3PAAXA2cmR5UeYVMPrWhE=,F1hLV9BNmEjBtQVXki7bMRBZWV8=
-19,-40,UJmzpl3PAAXA2cmR5UeYVMPrWhE=,F1hLV9BNmEjBtQVXki7bMRBZWV8=
-23,-40,UJmzpl3PAAXA2cmR5UeYVMPrWhE=,F1hLV9BNmEjBtQVXki7bMRBZWV8=
-18,-36,UJmzpl3PAAXA2cmR5UeYVMPrWhE=,F1hLV9BNmEjBtQVXki7bMRBZWV8=
-18,-40,UJmzpl3PAAXA2cmR5UeYVMPrWhE=,F1hLV9BNmEjBtQVXki7bMRBZWV8=
-17,-36,UJmzpl3PAAXA2cmR5UeYVMPrWhE=,F1hLV9BNmEjBtQVXki7bMRBZWV8=
-25,-40,UJmzpl3PAAXA2cmR5UeYVMPrWhE=,QGefQbC/0pEPVl2g3weUdWB34Eg=
-25,-37,UJmzpl3PAAXA2cmR5UeYVMPrWhE=,QGefQbC/0pEPVl2g3weUdWB34Eg=
-21,-40,UJmzpl3PAAXA2cmR5UeYVMPrWhE=,F1hLV9BNmEjBtQVXki7bMRBZWV8=
-25,-33,UJmzpl3PAAXA2cmR5UeYVMPrWhE=,QGefQbC/0pEPVl2g3weUdWB34Eg=
-21,-38,UJmzpl3PAAXA2cmR5UeYVMPrWhE=,F1hLV9BNmEjBtQVXki7bMRBZWV8=
-23,-34,UJmzpl3PAAXA2cmR5UeYVMPrWhE=,F1hLV9BNmEjBtQVXki7bMRBZWV8=
-24,-34,UJmzpl3PAAXA2cmR5UeYVMPrWhE=,F1hLV9BNmEjBtQVXki7bMRBZWV8=
-22,-38,UJmzpl3PAAXA2cmR5UeYVMPrWhE=,F1hLV9BNmEjBtQVXki7bMRBZWV8=
-19,-39,UJmzpl3PAAXA2cmR5UeYVMPrWhE=,F1hLV9BNmEjBtQVXki7bMRBZWV8=
-22,-40,UJmzpl3PAAXA2cmR5UeYVMPrWhE=,F1hLV9BNmEjBtQVXki7bMRBZWV8=
-17,-35,UJmzpl3PAAXA2cmR5UeYVMPrWhE=,F1hLV9BNmEjBtQVXki7bMRBZWV8=
-24,-39,UJmzpl3PAAXA2cmR5UeYVMPrWhE=,F1hLV9BNmEjBtQVXki7bMRBZWV8=
-18,-35,UJmzpl3PAAXA2cmR5UeYVMPrWhE=,F1hLV9BNmEjBtQVXki7bMRBZWV8=
-24,-35,UJmzpl3PAAXA2cmR5UeYVMPrWhE=,F1hLV9BNmEjBtQVXki7bMRBZWV8=
-17,-40,UJmzpl3PAAXA2cmR5UeYVMPrWhE=,F1hLV9BNmEjBtQVXki7bMRBZWV8=
-25,-39,UJmzpl3PAAXA2cmR5UeYVMPrWhE=,QGefQbC/0pEPVl2g3weUdWB34Eg=
-25,-34,UJmzpl3PAAXA2cmR5UeYVMPrWhE=,QGefQbC/0pEPVl2g3weUdWB34Eg=
-19,-35,UJmzpl3PAAXA2cmR5UeYVMPrWhE=,F1hLV9BNmEjBtQVXki7bMRBZWV8=
-20,-35,UJmzpl3PAAXA2cmR5UeYVMPrWhE=,F1hLV9BNmEjBtQVXki7bMRBZWV8=
-21,-35,UJmzpl3PAAXA2cmR5UeYVMPrWhE=,F1hLV9BNmEjBtQVXki7bMRBZWV8=
-22,-35,UJmzpl3PAAXA2cmR5UeYVMPrWhE=,F1hLV9BNmEjBtQVXki7bMRBZWV8=
-20,-39,UJmzpl3PAAXA2cmR5UeYVMPrWhE=,F1hLV9BNmEjBtQVXki7bMRBZWV8=
-23,-35,UJmzpl3PAAXA2cmR5UeYVMPrWhE=,F1hLV9BNmEjBtQVXki7bMRBZWV8=
-23,-38,UJmzpl3PAAXA2cmR5UeYVMPrWhE=,F1hLV9BNmEjBtQVXki7bMRBZWV8=
-32,-40,UJmzpl3PAAXA2cmR5UeYVMPrWhE=,QGefQbC/0pEPVl2g3weUdWB34Eg=
-25,-38,UJmzpl3PAAXA2cmR5UeYVMPrWhE=,QGefQbC/0pEPVl2g3weUdWB34Eg=
-24,-48,UJmzpl3PAAXA2cmR5UeYVMPrWhE=,Axwbh/XaXTw5cDbOu8Oj3+JsqVU=
