-51,2,N7yiTQFaIlbx8ZmgN4mmk0d8wBU=,0B/FL2Hb8ZDQr9A92eBeZ9+lMvg=
-50,2,N7yiTQFaIlbx8ZmgN4mmk0d8wBU=,0B/FL2Hb8ZDQr9A92eBeZ9+lMvg=
-49,2,N7yiTQFaIlbx8ZmgN4mmk0d8wBU=,0B/FL2Hb8ZDQr9A92eBeZ9+lMvg=
-56,3,N7yiTQFaIlbx8ZmgN4mmk0d8wBU=,0B/FL2Hb8ZDQr9A92eBeZ9+lMvg=
-55,3,N7yiTQFaIlbx8ZmgN4mmk0d8wBU=,0B/FL2Hb8ZDQr9A92eBeZ9+lMvg=
-54,3,N7yiTQFaIlbx8ZmgN4mmk0d8wBU=,0B/FL2Hb8ZDQr9A92eBeZ9+lMvg=
-55,2,N7yiTQFaIlbx8ZmgN4mmk0d8wBU=,0B/FL2Hb8ZDQr9A92eBeZ9+lMvg=
-56,2,N7yiTQFaIlbx8ZmgN4mmk0d8wBU=,0B/FL2Hb8ZDQr9A92eBeZ9+lMvg=
-53,3,N7yiTQFaIlbx8ZmgN4mmk0d8wBU=,0B/FL2Hb8ZDQr9A92eBeZ9+lMvg=
-53,2,N7yiTQFaIlbx8ZmgN4mmk0d8wBU=,0B/FL2Hb8ZDQr9A92eBeZ9+lMvg=
-52,2,N7yiTQFaIlbx8ZmgN4mmk0d8wBU=,0B/FL2Hb8ZDQr9A92eBeZ9+lMvg=
-54,2,N7yiTQFaIlbx8ZmgN4mmk0d8wBU=,0B/FL2Hb8ZDQr9A92eBeZ9+lMvg=
-49,1,N7yiTQFaIlbx8ZmgN4mmk0d8wBU=,0B/FL2Hb8ZDQr9A92eBeZ9+lMvg=
-50,1,N7yiTQFaIlbx8ZmgN4mmk0d8wBU=,0B/FL2Hb8ZDQr9A92eBeZ9+lMvg=
-51,1,N7yiTQFaIlbx8ZmgN4mmk0d8wBU=,0B/FL2Hb8ZDQr9A92eBeZ9+lMvg=
-51,3,N7yiTQFaIlbx8ZmgN4mmk0d8wBU=,0B/FL2Hb8ZDQr9A92eBeZ9+lMvg=
-52,3,N7yiTQFaIlbx8ZmgN4mmk0d8wBU=,0B/FL2Hb8ZDQr9A92eBeZ9+lMvg=
-50,3,N7yiTQFaIlbx8ZmgN4mmk0d8wBU=,0B/FL2Hb8ZDQr9A92eBeZ9+lMvg=
-49,3,N7yiTQFaIlbx8ZmgN4mmk0d8wBU=,0B/FL2Hb8ZDQr9A92eBeZ9+lMvg=
-56,4,N7yiTQFaIlbx8ZmgN4mmk0d8wBU=,0B/FL2Hb8ZDQr9A92eBeZ9+lMvg=
-55,4,N7yiTQFaIlbx8ZmgN4mmk0d8wBU=,0B/FL2Hb8ZDQr9A92eBeZ9+lMvg=
-52,1,N7yiTQFaIlbx8ZmgN4mmk0d8wBU=,0B/FL2Hb8ZDQr9A92eBeZ9+lMvg=
-49,6,N7yiTQFaIlbx8ZmgN4mmk0d8wBU=,0B/FL2Hb8ZDQr9A92eBeZ9+lMvg=
-55,1,N7yiTQFaIlbx8ZmgN4mmk0d8wBU=,0B/FL2Hb8ZDQr9A92eBeZ9+lMvg=
-56,1,N7yiTQFaIlbx8ZmgN4mmk0d8wBU=,0B/FL2Hb8ZDQr9A92eBeZ9+lMvg=
-49,0,N7yiTQFaIlbx8ZmgN4mmk0d8wBU=,0B/FL2Hb8ZDQr9A92eBeZ9+lMvg=
-50,0,N7yiTQFaIlbx8ZmgN4mmk0d8wBU=,0B/FL2Hb8ZDQr9A92eBeZ9+lMvg=
-51,0,N7yiTQFaIlbx8ZmgN4mmk0d8wBU=,0B/FL2Hb8ZDQr9A92eBeZ9+lMvg=
-50,6,N7yiTQFaIlbx8ZmgN4mmk0d8wBU=,0B/FL2Hb8ZDQr9A92eBeZ9+lMvg=
-52,0,N7yiTQFaIlbx8ZmgN4mmk0d8wBU=,0B/FL2Hb8ZDQr9A92eBeZ9+lMvg=
-51,6,N7yiTQFaIlbx8ZmgN4mmk0d8wBU=,0B/FL2Hb8ZDQr9A92eBeZ9+lMvg=
-55,0,N7yiTQFaIlbx8ZmgN4mmk0d8wBU=,0B/FL2Hb8ZDQr9A92eBeZ9+lMvg=
-56,0,N7yiTQFaIlbx8ZmgN4mmk0d8wBU=,0B/FL2Hb8ZDQr9A92eBeZ9+lMvg=
-54,4,N7yiTQFaIlbx8ZmgN4mmk0d8wBU=,0B/FL2Hb8ZDQr9A92eBeZ9+lMvg=
-54,0,N7yiTQFaIlbx8ZmgN4mmk0d8wBU=,0B/FL2Hb8ZDQr9A92eBeZ9+lMvg=
-54,1,N7yiTQFaIlbx8ZmgN4mmk0d8wBU=,0B/FL2Hb8ZDQr9A92eBeZ9+lMvg=
-53,1,N7yiTQFaIlbx8ZmgN4mmk0d8wBU=,0B/FL2Hb8ZDQr9A92eBeZ9+lMvg=
-55,6,N7yiTQFaIlbx8ZmgN4mmk0d8wBU=,0B/FL2Hb8ZDQr9A92eBeZ9+lMvg=
-56,6,N7yiTQFaIlbx8ZmgN4mmk0d8wBU=,0B/FL2Hb8ZDQr9A92eBeZ9+lMvg=
-52,6,N7yiTQFaIlbx8ZmgN4mmk0d8wBU=,0B/FL2Hb8ZDQr9A92eBeZ9+lMvg=
-49,5,N7yiTQFaIlbx8ZmgN4mmk0d8wBU=,0B/FL2Hb8ZDQr9A92eBeZ9+lMvg=
-50,5,N7yiTQFaIlbx8ZmgN4mmk0d8wBU=,0B/FL2Hb8ZDQr9A92eBeZ9+lMvg=
-51,5,N7yiTQFaIlbx8ZmgN4mmk0d8wBU=,0B/FL2Hb8ZDQr9A92eBeZ9+lMvg=
-53,4,N7yiTQFaIlbx8ZmgN4mmk0d8wBU=,0B/FL2Hb8ZDQr9A92eBeZ9+lMvg=
-53,0,N7yiTQFaIlbx8ZmgN4mmk0d8wBU=,0B/FL2Hb8ZDQr9A92eBeZ9+lMvg=
-54,6,N7yiTQFaIlbx8ZmgN4mmk0d8wBU=,0B/FL2Hb8ZDQr9A92eBeZ9+lMvg=
-52,5,N7yiTQFaIlbx8ZmgN4mmk0d8wBU=,0B/FL2Hb8ZDQr9A92eBeZ9+lMvg=
-55,5,N7yiTQFaIlbx8ZmgN4mmk0d8wBU=,0B/FL2Hb8ZDQr9A92eBeZ9+lMvg=
-56,5,N7yiTQFaIlbx8ZmgN4mmk0d8wBU=,0B/FL2Hb8ZDQr9A92eBeZ9+lMvg=
-49,4,N7yiTQFaIlbx8ZmgN4mmk0d8wBU=,0B/FL2Hb8ZDQr9A92eBeZ9+lMvg=
-50,4,N7yiTQFaIlbx8ZmgN4mmk0d8wBU=,0B/FL2Hb8ZDQr9A92eBeZ9+lMvg=
-51,4,N7yiTQFaIlbx8ZmgN4mmk0d8wBU=,0B/FL2Hb8ZDQr9A92eBeZ9+lMvg=
-53,6,N7yiTQFaIlbx8ZmgN4mmk0d8wBU=,0B/FL2Hb8ZDQr9A92eBeZ9+lMvg=
-54,5,N7yiTQFaIlbx8ZmgN4mmk0d8wBU=,0B/FL2Hb8ZDQr9A92eBeZ9+lMvg=
-52,4,N7yiTQFaIlbx8ZmgN4mmk0d8wBU=,0B/FL2Hb8ZDQr9A92eBeZ9+lMvg=
-53,5,N7yiTQFaIlbx8ZmgN4mmk0d8wBU=,0B/FL2Hb8ZDQr9A92eBeZ9+lMvg=
-49,11,N7yiTQFaIlbx8ZmgN4mmk0d8wBU=,NZuuldtVDcZEygI1s7AWLuMQ8lw=
-49,7,N7yiTQFaIlbx8ZmgN4mmk0d8wBU=,0B/FL2Hb8ZDQr9A92eBeZ9+lMvg=
-50,7,N7yiTQFaIlbx8ZmgN4mmk0d8wBU=,0B/FL2Hb8ZDQr9A92eBeZ9+lMvg=
-50,11,N7yiTQFaIlbx8ZmgN4mmk0d8wBU=,NZuuldtVDcZEygI1s7AWLuMQ8lw=
-51,7,N7yiTQFaIlbx8ZmgN4mmk0d8wBU=,0B/FL2Hb8ZDQr9A92eBeZ9+lMvg=
-56,8,N7yiTQFaIlbx8ZmgN4mmk0d8wBU=,NZuuldtVDcZEygI1s7AWLuMQ8lw=
-56,11,N7yiTQFaIlbx8ZmgN4mmk0d8wBU=,NZuuldtVDcZEygI1s7AWLuMQ8lw=
-50,12,N7yiTQFaIlbx8ZmgN4mmk0d8wBU=,NZuuldtVDcZEygI1s7AWLuMQ8lw=
-51,12,N7yiTQFaIlbx8ZmgN4mmk0d8wBU=,NZuuldtVDcZEygI1s7AWLuMQ8lw=
-51,11,N7yiTQFaIlbx8ZmgN4mmk0d8wBU=,NZuuldtVDcZEygI1s7AWLuMQ8lw=
-52,12,N7yiTQFaIlbx8ZmgN4mmk0d8wBU=,NZuuldtVDcZEygI1s7AWLuMQ8lw=
-49,9,N7yiTQFaIlbx8ZmgN4mmk0d8wBU=,NZuuldtVDcZEygI1s7AWLuMQ8lw=
-53,12,N7yiTQFaIlbx8ZmgN4mmk0d8wBU=,NZuuldtVDcZEygI1s7AWLuMQ8lw=
-52,11,N7yiTQFaIlbx8ZmgN4mmk0d8wBU=,NZuuldtVDcZEygI1s7AWLuMQ8lw=
-55,7,N7yiTQFaIlbx8ZmgN4mmk0d8wBU=,0B/FL2Hb8ZDQr9A92eBeZ9+lMvg=
-55,9,N7yiTQFaIlbx8ZmgN4mmk0d8wBU=,NZuuldtVDcZEygI1s7AWLuMQ8lw=
-50,9,N7yiTQFaIlbx8ZmgN4mmk0d8wBU=,NZuuldtVDcZEygI1s7AWLuMQ8lw=
-56,7,N7yiTQFaIlbx8ZmgN4mmk0d8wBU=,0B/FL2Hb8ZDQr9A92eBeZ9+lMvg=
-55,12,N7yiTQFaIlbx8ZmgN4mmk0d8wBU=,NZuuldtVDcZEygI1s7AWLuMQ8lw=
-56,12,N7yiTQFaIlbx8ZmgN4mmk0d8wBU=,NZuuldtVDcZEygI1s7AWLuMQ8lw=
-52,8,N7yiTQFaIlbx8ZmgN4mmk0d8wBU=,NZuuldtVDcZEygI1s7AWLuMQ8lw=
-49,12,N7yiTQFaIlbx8ZmgN4mmk0d8wBU=,NZuuldtVDcZEygI1s7AWLuMQ8lw=
-55,11,N7yiTQFaIlbx8ZmgN4mmk0d8wBU=,NZuuldtVDcZEygI1s7AWLuMQ8lw=
-52,7,N7yiTQFaIlbx8ZmgN4mmk0d8wBU=,0B/FL2Hb8ZDQr9A92eBeZ9+lMvg=
-53,11,N7yiTQFaIlbx8ZmgN4mmk0d8wBU=,NZuuldtVDcZEygI1s7AWLuMQ8lw=
-49,15,N7yiTQFaIlbx8ZmgN4mmk0d8wBU=,NZuuldtVDcZEygI1s7AWLuMQ8lw=
-54,7,N7yiTQFaIlbx8ZmgN4mmk0d8wBU=,0B/FL2Hb8ZDQr9A92eBeZ9+lMvg=
-50,15,N7yiTQFaIlbx8ZmgN4mmk0d8wBU=,NZuuldtVDcZEygI1s7AWLuMQ8lw=
-51,15,N7yiTQFaIlbx8ZmgN4mmk0d8wBU=,NZuuldtVDcZEygI1s7AWLuMQ8lw=
-51,9,N7yiTQFaIlbx8ZmgN4mmk0d8wBU=,NZuuldtVDcZEygI1s7AWLuMQ8lw=
-53,7,N7yiTQFaIlbx8ZmgN4mmk0d8wBU=,0B/FL2Hb8ZDQr9A92eBeZ9+lMvg=
-52,15,N7yiTQFaIlbx8ZmgN4mmk0d8wBU=,NZuuldtVDcZEygI1s7AWLuMQ8lw=
-55,15,N7yiTQFaIlbx8ZmgN4mmk0d8wBU=,NZuuldtVDcZEygI1s7AWLuMQ8lw=
-56,15,N7yiTQFaIlbx8ZmgN4mmk0d8wBU=,NZuuldtVDcZEygI1s7AWLuMQ8lw=
-54,12,N7yiTQFaIlbx8ZmgN4mmk0d8wBU=,NZuuldtVDcZEygI1s7AWLuMQ8lw=
-56,9,N7yiTQFaIlbx8ZmgN4mmk0d8wBU=,NZuuldtVDcZEygI1s7AWLuMQ8lw=
-49,14,N7yiTQFaIlbx8ZmgN4mmk0d8wBU=,NZuuldtVDcZEygI1s7AWLuMQ8lw=
-50,14,N7yiTQFaIlbx8ZmgN4mmk0d8wBU=,NZuuldtVDcZEygI1s7AWLuMQ8lw=
-51,14,N7yiTQFaIlbx8ZmgN4mmk0d8wBU=,NZuuldtVDcZEygI1s7AWLuMQ8lw=
-52,14,N7yiTQFaIlbx8ZmgN4mmk0d8wBU=,NZuuldtVDcZEygI1s7AWLuMQ8lw=
-54,11,N7yiTQFaIlbx8ZmgN4mmk0d8wBU=,NZuuldtVDcZEygI1s7AWLuMQ8lw=
-56,10,N7yiTQFaIlbx8ZmgN4mmk0d8wBU=,NZuuldtVDcZEygI1s7AWLuMQ8lw=
-55,10,N7yiTQFaIlbx8ZmgN4mmk0d8wBU=,NZuuldtVDcZEygI1s7AWLuMQ8lw=
-54,10,N7yiTQFaIlbx8ZmgN4mmk0d8wBU=,NZuuldtVDcZEygI1s7AWLuMQ8lw=
-53,8,N7yiTQFaIlbx8ZmgN4mmk0d8wBU=,NZuuldtVDcZEygI1s7AWLuMQ8lw=
-54,15,N7yiTQFaIlbx8ZmgN4mmk0d8wBU=,NZuuldtVDcZEygI1s7AWLuMQ8lw=
-55,14,N7yiTQFaIlbx8ZmgN4mmk0d8wBU=,NZuuldtVDcZEygI1s7AWLuMQ8lw=
-56,14,N7yiTQFaIlbx8ZmgN4mmk0d8wBU=,NZuuldtVDcZEygI1s7AWLuMQ8lw=
-52,9,N7yiTQFaIlbx8ZmgN4mmk0d8wBU=,NZuuldtVDcZEygI1s7AWLuMQ8lw=
-49,13,N7yiTQFaIlbx8ZmgN4mmk0d8wBU=,NZuuldtVDcZEygI1s7AWLuMQ8lw=
-50,13,N7yiTQFaIlbx8ZmgN4mmk0d8wBU=,NZuuldtVDcZEygI1s7AWLuMQ8lw=
-53,15,N7yiTQFaIlbx8ZmgN4mmk0d8wBU=,NZuuldtVDcZEygI1s7AWLuMQ8lw=
-51,13,N7yiTQFaIlbx8ZmgN4mmk0d8wBU=,NZuuldtVDcZEygI1s7AWLuMQ8lw=
-53,9,N7yiTQFaIlbx8ZmgN4mmk0d8wBU=,NZuuldtVDcZEygI1s7AWLuMQ8lw=
-52,13,N7yiTQFaIlbx8ZmgN4mmk0d8wBU=,NZuuldtVDcZEygI1s7AWLuMQ8lw=
-54,9,N7yiTQFaIlbx8ZmgN4mmk0d8wBU=,NZuuldtVDcZEygI1s7AWLuMQ8lw=
-55,13,N7yiTQFaIlbx8ZmgN4mmk0d8wBU=,NZuuldtVDcZEygI1s7AWLuMQ8lw=
-49,8,N7yiTQFaIlbx8ZmgN4mmk0d8wBU=,NZuuldtVDcZEygI1s7AWLuMQ8lw=
-50,8,N7yiTQFaIlbx8ZmgN4mmk0d8wBU=,NZuuldtVDcZEygI1s7AWLuMQ8lw=
-51,8,N7yiTQFaIlbx8ZmgN4mmk0d8wBU=,NZuuldtVDcZEygI1s7AWLuMQ8lw=
-56,13,N7yiTQFaIlbx8ZmgN4mmk0d8wBU=,NZuuldtVDcZEygI1s7AWLuMQ8lw=
-55,8,N7yiTQFaIlbx8ZmgN4mmk0d8wBU=,NZuuldtVDcZEygI1s7AWLuMQ8lw=
-49,10,N7yiTQFaIlbx8ZmgN4mmk0d8wBU=,NZuuldtVDcZEygI1s7AWLuMQ8lw=
-50,10,N7yiTQFaIlbx8ZmgN4mmk0d8wBU=,NZuuldtVDcZEygI1s7AWLuMQ8lw=
-53,14,N7yiTQFaIlbx8ZmgN4mmk0d8wBU=,NZuuldtVDcZEygI1s7AWLuMQ8lw=
-54,14,N7yiTQFaIlbx8ZmgN4mmk0d8wBU=,NZuuldtVDcZEygI1s7AWLuMQ8lw=
-54,8,N7yiTQFaIlbx8ZmgN4mmk0d8wBU=,NZuuldtVDcZEygI1s7AWLuMQ8lw=
-53,10,N7yiTQFaIlbx8ZmgN4mmk0d8wBU=,NZuuldtVDcZEygI1s7AWLuMQ8lw=
-51,10,N7yiTQFaIlbx8ZmgN4mmk0d8wBU=,NZuuldtVDcZEygI1s7AWLuMQ8lw=
-53,13,N7yiTQFaIlbx8ZmgN4mmk0d8wBU=,NZuuldtVDcZEygI1s7AWLuMQ8lw=
-54,13,N7yiTQFaIlbx8ZmgN4mmk0d8wBU=,NZuuldtVDcZEygI1s7AWLuMQ8lw=
-52,10,N7yiTQFaIlbx8ZmgN4mmk0d8wBU=,NZuuldtVDcZEygI1s7AWLuMQ8lw=
-50,20,N7yiTQFaIlbx8ZmgN4mmk0d8wBU=,M+d/P3DUUMw5t/ayv0v07sk3X+s=
-51,20,N7yiTQFaIlbx8ZmgN4mmk0d8wBU=,M+d/P3DUUMw5t/ayv0v07sk3X+s=
-53,20,N7yiTQFaIlbx8ZmgN4mmk0d8wBU=,M+d/P3DUUMw5t/ayv0v07sk3X+s=
-52,20,N7yiTQFaIlbx8ZmgN4mmk0d8wBU=,M+d/P3DUUMw5t/ayv0v07sk3X+s=
-53,21,N7yiTQFaIlbx8ZmgN4mmk0d8wBU=,M+d/P3DUUMw5t/ayv0v07sk3X+s=
-49,18,N7yiTQFaIlbx8ZmgN4mmk0d8wBU=,M+d/P3DUUMw5t/ayv0v07sk3X+s=
-54,21,N7yiTQFaIlbx8ZmgN4mmk0d8wBU=,M+d/P3DUUMw5t/ayv0v07sk3X+s=
-50,18,N7yiTQFaIlbx8ZmgN4mmk0d8wBU=,M+d/P3DUUMw5t/ayv0v07sk3X+s=
-52,19,N7yiTQFaIlbx8ZmgN4mmk0d8wBU=,M+d/P3DUUMw5t/ayv0v07sk3X+s=
-53,16,N7yiTQFaIlbx8ZmgN4mmk0d8wBU=,M+d/P3DUUMw5t/ayv0v07sk3X+s=
-49,17,N7yiTQFaIlbx8ZmgN4mmk0d8wBU=,M+d/P3DUUMw5t/ayv0v07sk3X+s=
-50,17,N7yiTQFaIlbx8ZmgN4mmk0d8wBU=,M+d/P3DUUMw5t/ayv0v07sk3X+s=
-55,16,N7yiTQFaIlbx8ZmgN4mmk0d8wBU=,M+d/P3DUUMw5t/ayv0v07sk3X+s=
-55,17,N7yiTQFaIlbx8ZmgN4mmk0d8wBU=,M+d/P3DUUMw5t/ayv0v07sk3X+s=
-56,17,N7yiTQFaIlbx8ZmgN4mmk0d8wBU=,M+d/P3DUUMw5t/ayv0v07sk3X+s=
-54,17,N7yiTQFaIlbx8ZmgN4mmk0d8wBU=,M+d/P3DUUMw5t/ayv0v07sk3X+s=
-53,17,N7yiTQFaIlbx8ZmgN4mmk0d8wBU=,M+d/P3DUUMw5t/ayv0v07sk3X+s=
-51,17,N7yiTQFaIlbx8ZmgN4mmk0d8wBU=,M+d/P3DUUMw5t/ayv0v07sk3X+s=
-54,16,N7yiTQFaIlbx8ZmgN4mmk0d8wBU=,M+d/P3DUUMw5t/ayv0v07sk3X+s=
-53,19,N7yiTQFaIlbx8ZmgN4mmk0d8wBU=,M+d/P3DUUMw5t/ayv0v07sk3X+s=
-51,19,N7yiTQFaIlbx8ZmgN4mmk0d8wBU=,M+d/P3DUUMw5t/ayv0v07sk3X+s=
-56,16,N7yiTQFaIlbx8ZmgN4mmk0d8wBU=,M+d/P3DUUMw5t/ayv0v07sk3X+s=
-55,21,N7yiTQFaIlbx8ZmgN4mmk0d8wBU=,M+d/P3DUUMw5t/ayv0v07sk3X+s=
-52,17,N7yiTQFaIlbx8ZmgN4mmk0d8wBU=,M+d/P3DUUMw5t/ayv0v07sk3X+s=
-54,20,N7yiTQFaIlbx8ZmgN4mmk0d8wBU=,M+d/P3DUUMw5t/ayv0v07sk3X+s=
-49,16,N7yiTQFaIlbx8ZmgN4mmk0d8wBU=,M+d/P3DUUMw5t/ayv0v07sk3X+s=
-55,20,N7yiTQFaIlbx8ZmgN4mmk0d8wBU=,M+d/P3DUUMw5t/ayv0v07sk3X+s=
-49,23,N7yiTQFaIlbx8ZmgN4mmk0d8wBU=,M+d/P3DUUMw5t/ayv0v07sk3X+s=
-50,23,N7yiTQFaIlbx8ZmgN4mmk0d8wBU=,M+d/P3DUUMw5t/ayv0v07sk3X+s=
-51,16,N7yiTQFaIlbx8ZmgN4mmk0d8wBU=,M+d/P3DUUMw5t/ayv0v07sk3X+s=
-51,23,N7yiTQFaIlbx8ZmgN4mmk0d8wBU=,M+d/P3DUUMw5t/ayv0v07sk3X+s=
-52,23,N7yiTQFaIlbx8ZmgN4mmk0d8wBU=,M+d/P3DUUMw5t/ayv0v07sk3X+s=
-53,23,N7yiTQFaIlbx8ZmgN4mmk0d8wBU=,M+d/P3DUUMw5t/ayv0v07sk3X+s=
-54,23,N7yiTQFaIlbx8ZmgN4mmk0d8wBU=,M+d/P3DUUMw5t/ayv0v07sk3X+s=
-55,23,N7yiTQFaIlbx8ZmgN4mmk0d8wBU=,M+d/P3DUUMw5t/ayv0v07sk3X+s=
-56,20,N7yiTQFaIlbx8ZmgN4mmk0d8wBU=,M+d/P3DUUMw5t/ayv0v07sk3X+s=
-56,23,N7yiTQFaIlbx8ZmgN4mmk0d8wBU=,M+d/P3DUUMw5t/ayv0v07sk3X+s=
-49,22,N7yiTQFaIlbx8ZmgN4mmk0d8wBU=,M+d/P3DUUMw5t/ayv0v07sk3X+s=
-54,19,N7yiTQFaIlbx8ZmgN4mmk0d8wBU=,M+d/P3DUUMw5t/ayv0v07sk3X+s=
-50,22,N7yiTQFaIlbx8ZmgN4mmk0d8wBU=,M+d/P3DUUMw5t/ayv0v07sk3X+s=
-49,19,N7yiTQFaIlbx8ZmgN4mmk0d8wBU=,M+d/P3DUUMw5t/ayv0v07sk3X+s=
-51,22,N7yiTQFaIlbx8ZmgN4mmk0d8wBU=,M+d/P3DUUMw5t/ayv0v07sk3X+s=
-56,21,N7yiTQFaIlbx8ZmgN4mmk0d8wBU=,M+d/P3DUUMw5t/ayv0v07sk3X+s=
-52,22,N7yiTQFaIlbx8ZmgN4mmk0d8wBU=,M+d/P3DUUMw5t/ayv0v07sk3X+s=
-52,16,N7yiTQFaIlbx8ZmgN4mmk0d8wBU=,M+d/P3DUUMw5t/ayv0v07sk3X+s=
-53,22,N7yiTQFaIlbx8ZmgN4mmk0d8wBU=,M+d/P3DUUMw5t/ayv0v07sk3X+s=
-54,22,N7yiTQFaIlbx8ZmgN4mmk0d8wBU=,M+d/P3DUUMw5t/ayv0v07sk3X+s=
-55,22,N7yiTQFaIlbx8ZmgN4mmk0d8wBU=,M+d/P3DUUMw5t/ayv0v07sk3X+s=
-56,22,N7yiTQFaIlbx8ZmgN4mmk0d8wBU=,M+d/P3DUUMw5t/ayv0v07sk3X+s=
-54,18,N7yiTQFaIlbx8ZmgN4mmk0d8wBU=,M+d/P3DUUMw5t/ayv0v07sk3X+s=
-49,21,N7yiTQFaIlbx8ZmgN4mmk0d8wBU=,M+d/P3DUUMw5t/ayv0v07sk3X+s=
-50,21,N7yiTQFaIlbx8ZmgN4mmk0d8wBU=,M+d/P3DUUMw5t/ayv0v07sk3X+s=
-55,19,N7yiTQFaIlbx8ZmgN4mmk0d8wBU=,M+d/P3DUUMw5t/ayv0v07sk3X+s=
-49,20,N7yiTQFaIlbx8ZmgN4mmk0d8wBU=,M+d/P3DUUMw5t/ayv0v07sk3X+s=
-50,19,N7yiTQFaIlbx8ZmgN4mmk0d8wBU=,M+d/P3DUUMw5t/ayv0v07sk3X+s=
-51,21,N7yiTQFaIlbx8ZmgN4mmk0d8wBU=,M+d/P3DUUMw5t/ayv0v07sk3X+s=
-52,21,N7yiTQFaIlbx8ZmgN4mmk0d8wBU=,M+d/P3DUUMw5t/ayv0v07sk3X+s=
-55,18,N7yiTQFaIlbx8ZmgN4mmk0d8wBU=,M+d/P3DUUMw5t/ayv0v07sk3X+s=
-56,18,N7yiTQFaIlbx8ZmgN4mmk0d8wBU=,M+d/P3DUUMw5t/ayv0v07sk3X+s=
-56,19,N7yiTQFaIlbx8ZmgN4mmk0d8wBU=,M+d/P3DUUMw5t/ayv0v07sk3X+s=
-50,16,N7yiTQFaIlbx8ZmgN4mmk0d8wBU=,M+d/P3DUUMw5t/ayv0v07sk3X+s=
-53,18,N7yiTQFaIlbx8ZmgN4mmk0d8wBU=,M+d/P3DUUMw5t/ayv0v07sk3X+s=
-52,18,N7yiTQFaIlbx8ZmgN4mmk0d8wBU=,M+d/P3DUUMw5t/ayv0v07sk3X+s=
-51,18,N7yiTQFaIlbx8ZmgN4mmk0d8wBU=,M+d/P3DUUMw5t/ayv0v07sk3X+s=
-37,23,5pZTe5eifzy8keIJdXiwy6Gw/Y4=,+1INBWDjt8+fP1JPhlHJ319Zf0I=
-39,16,5pZTe5eifzy8keIJdXiwy6Gw/Y4=,+1INBWDjt8+fP1JPhlHJ319Zf0I=
-38,23,5pZTe5eifzy8keIJdXiwy6Gw/Y4=,+1INBWDjt8+fP1JPhlHJ319Zf0I=
-39,23,5pZTe5eifzy8keIJdXiwy6Gw/Y4=,+1INBWDjt8+fP1JPhlHJ319Zf0I=
-34,22,5pZTe5eifzy8keIJdXiwy6Gw/Y4=,+1INBWDjt8+fP1JPhlHJ319Zf0I=
-38,16,5pZTe5eifzy8keIJdXiwy6Gw/Y4=,+1INBWDjt8+fP1JPhlHJ319Zf0I=
-37,16,5pZTe5eifzy8keIJdXiwy6Gw/Y4=,+1INBWDjt8+fP1JPhlHJ319Zf0I=
-35,16,5pZTe5eifzy8keIJdXiwy6Gw/Y4=,+1INBWDjt8+fP1JPhlHJ319Zf0I=
-36,16,5pZTe5eifzy8keIJdXiwy6Gw/Y4=,+1INBWDjt8+fP1JPhlHJ319Zf0I=
-36,23,5pZTe5eifzy8keIJdXiwy6Gw/Y4=,+1INBWDjt8+fP1JPhlHJ319Zf0I=
-33,22,5pZTe5eifzy8keIJdXiwy6Gw/Y4=,+1INBWDjt8+fP1JPhlHJ319Zf0I=
-34,16,5pZTe5eifzy8keIJdXiwy6Gw/Y4=,+1INBWDjt8+fP1JPhlHJ319Zf0I=
-39,17,5pZTe5eifzy8keIJdXiwy6Gw/Y4=,+1INBWDjt8+fP1JPhlHJ319Zf0I=
-38,17,5pZTe5eifzy8keIJdXiwy6Gw/Y4=,+1INBWDjt8+fP1JPhlHJ319Zf0I=
-37,17,5pZTe5eifzy8keIJdXiwy6Gw/Y4=,+1INBWDjt8+fP1JPhlHJ319Zf0I=
-36,17,5pZTe5eifzy8keIJdXiwy6Gw/Y4=,+1INBWDjt8+fP1JPhlHJ319Zf0I=
-33,16,5pZTe5eifzy8keIJdXiwy6Gw/Y4=,+1INBWDjt8+fP1JPhlHJ319Zf0I=
-35,17,5pZTe5eifzy8keIJdXiwy6Gw/Y4=,+1INBWDjt8+fP1JPhlHJ319Zf0I=
-34,17,5pZTe5eifzy8keIJdXiwy6Gw/Y4=,+1INBWDjt8+fP1JPhlHJ319Zf0I=
-33,17,5pZTe5eifzy8keIJdXiwy6Gw/Y4=,+1INBWDjt8+fP1JPhlHJ319Zf0I=
-39,18,5pZTe5eifzy8keIJdXiwy6Gw/Y4=,+1INBWDjt8+fP1JPhlHJ319Zf0I=
-38,18,5pZTe5eifzy8keIJdXiwy6Gw/Y4=,+1INBWDjt8+fP1JPhlHJ319Zf0I=
-37,18,5pZTe5eifzy8keIJdXiwy6Gw/Y4=,+1INBWDjt8+fP1JPhlHJ319Zf0I=
-36,18,5pZTe5eifzy8keIJdXiwy6Gw/Y4=,+1INBWDjt8+fP1JPhlHJ319Zf0I=
-34,23,5pZTe5eifzy8keIJdXiwy6Gw/Y4=,+1INBWDjt8+fP1JPhlHJ319Zf0I=
-35,23,5pZTe5eifzy8keIJdXiwy6Gw/Y4=,+1INBWDjt8+fP1JPhlHJ319Zf0I=
-35,18,5pZTe5eifzy8keIJdXiwy6Gw/Y4=,+1INBWDjt8+fP1JPhlHJ319Zf0I=
-33,23,5pZTe5eifzy8keIJdXiwy6Gw/Y4=,+1INBWDjt8+fP1JPhlHJ319Zf0I=
-33,18,5pZTe5eifzy8keIJdXiwy6Gw/Y4=,+1INBWDjt8+fP1JPhlHJ319Zf0I=
-39,19,5pZTe5eifzy8keIJdXiwy6Gw/Y4=,+1INBWDjt8+fP1JPhlHJ319Zf0I=
-34,18,5pZTe5eifzy8keIJdXiwy6Gw/Y4=,+1INBWDjt8+fP1JPhlHJ319Zf0I=
-38,19,5pZTe5eifzy8keIJdXiwy6Gw/Y4=,+1INBWDjt8+fP1JPhlHJ319Zf0I=
-37,19,5pZTe5eifzy8keIJdXiwy6Gw/Y4=,+1INBWDjt8+fP1JPhlHJ319Zf0I=
-36,19,5pZTe5eifzy8keIJdXiwy6Gw/Y4=,+1INBWDjt8+fP1JPhlHJ319Zf0I=
-35,19,5pZTe5eifzy8keIJdXiwy6Gw/Y4=,+1INBWDjt8+fP1JPhlHJ319Zf0I=
-33,19,5pZTe5eifzy8keIJdXiwy6Gw/Y4=,+1INBWDjt8+fP1JPhlHJ319Zf0I=
-34,19,5pZTe5eifzy8keIJdXiwy6Gw/Y4=,+1INBWDjt8+fP1JPhlHJ319Zf0I=
-39,20,5pZTe5eifzy8keIJdXiwy6Gw/Y4=,+1INBWDjt8+fP1JPhlHJ319Zf0I=
-38,20,5pZTe5eifzy8keIJdXiwy6Gw/Y4=,+1INBWDjt8+fP1JPhlHJ319Zf0I=
-37,20,5pZTe5eifzy8keIJdXiwy6Gw/Y4=,+1INBWDjt8+fP1JPhlHJ319Zf0I=
-36,20,5pZTe5eifzy8keIJdXiwy6Gw/Y4=,+1INBWDjt8+fP1JPhlHJ319Zf0I=
-35,20,5pZTe5eifzy8keIJdXiwy6Gw/Y4=,+1INBWDjt8+fP1JPhlHJ319Zf0I=
-34,20,5pZTe5eifzy8keIJdXiwy6Gw/Y4=,+1INBWDjt8+fP1JPhlHJ319Zf0I=
-33,20,5pZTe5eifzy8keIJdXiwy6Gw/Y4=,+1INBWDjt8+fP1JPhlHJ319Zf0I=
-39,21,5pZTe5eifzy8keIJdXiwy6Gw/Y4=,+1INBWDjt8+fP1JPhlHJ319Zf0I=
-38,21,5pZTe5eifzy8keIJdXiwy6Gw/Y4=,+1INBWDjt8+fP1JPhlHJ319Zf0I=
-36,21,5pZTe5eifzy8keIJdXiwy6Gw/Y4=,+1INBWDjt8+fP1JPhlHJ319Zf0I=
-35,21,5pZTe5eifzy8keIJdXiwy6Gw/Y4=,+1INBWDjt8+fP1JPhlHJ319Zf0I=
-34,21,5pZTe5eifzy8keIJdXiwy6Gw/Y4=,+1INBWDjt8+fP1JPhlHJ319Zf0I=
-33,21,5pZTe5eifzy8keIJdXiwy6Gw/Y4=,+1INBWDjt8+fP1JPhlHJ319Zf0I=
-39,22,5pZTe5eifzy8keIJdXiwy6Gw/Y4=,+1INBWDjt8+fP1JPhlHJ319Zf0I=
-38,22,5pZTe5eifzy8keIJdXiwy6Gw/Y4=,+1INBWDjt8+fP1JPhlHJ319Zf0I=
-37,22,5pZTe5eifzy8keIJdXiwy6Gw/Y4=,+1INBWDjt8+fP1JPhlHJ319Zf0I=
-36,22,5pZTe5eifzy8keIJdXiwy6Gw/Y4=,+1INBWDjt8+fP1JPhlHJ319Zf0I=
-35,22,5pZTe5eifzy8keIJdXiwy6Gw/Y4=,+1INBWDjt8+fP1JPhlHJ319Zf0I=
-44,23,5pZTe5eifzy8keIJdXiwy6Gw/Y4=,tUoHtrfTUZLrp0/R04Dhws0OjsI=
-45,23,5pZTe5eifzy8keIJdXiwy6Gw/Y4=,tUoHtrfTUZLrp0/R04Dhws0OjsI=
-43,22,5pZTe5eifzy8keIJdXiwy6Gw/Y4=,tUoHtrfTUZLrp0/R04Dhws0OjsI=
-47,20,5pZTe5eifzy8keIJdXiwy6Gw/Y4=,tUoHtrfTUZLrp0/R04Dhws0OjsI=
-47,21,5pZTe5eifzy8keIJdXiwy6Gw/Y4=,tUoHtrfTUZLrp0/R04Dhws0OjsI=
-48,21,5pZTe5eifzy8keIJdXiwy6Gw/Y4=,tUoHtrfTUZLrp0/R04Dhws0OjsI=
-37,21,5pZTe5eifzy8keIJdXiwy6Gw/Y4=,+1INBWDjt8+fP1JPhlHJ319Zf0I=
-40,23,5pZTe5eifzy8keIJdXiwy6Gw/Y4=,+1INBWDjt8+fP1JPhlHJ319Zf0I=
-43,23,5pZTe5eifzy8keIJdXiwy6Gw/Y4=,tUoHtrfTUZLrp0/R04Dhws0OjsI=
-41,20,5pZTe5eifzy8keIJdXiwy6Gw/Y4=,tUoHtrfTUZLrp0/R04Dhws0OjsI=
-41,21,5pZTe5eifzy8keIJdXiwy6Gw/Y4=,tUoHtrfTUZLrp0/R04Dhws0OjsI=
-42,23,5pZTe5eifzy8keIJdXiwy6Gw/Y4=,tUoHtrfTUZLrp0/R04Dhws0OjsI=
-43,20,5pZTe5eifzy8keIJdXiwy6Gw/Y4=,tUoHtrfTUZLrp0/R04Dhws0OjsI=
-42,20,5pZTe5eifzy8keIJdXiwy6Gw/Y4=,tUoHtrfTUZLrp0/R04Dhws0OjsI=
-41,19,5pZTe5eifzy8keIJdXiwy6Gw/Y4=,tUoHtrfTUZLrp0/R04Dhws0OjsI=
-41,23,5pZTe5eifzy8keIJdXiwy6Gw/Y4=,tUoHtrfTUZLrp0/R04Dhws0OjsI=
-44,20,5pZTe5eifzy8keIJdXiwy6Gw/Y4=,tUoHtrfTUZLrp0/R04Dhws0OjsI=
-42,21,5pZTe5eifzy8keIJdXiwy6Gw/Y4=,tUoHtrfTUZLrp0/R04Dhws0OjsI=
-45,20,5pZTe5eifzy8keIJdXiwy6Gw/Y4=,tUoHtrfTUZLrp0/R04Dhws0OjsI=
-48,22,5pZTe5eifzy8keIJdXiwy6Gw/Y4=,tUoHtrfTUZLrp0/R04Dhws0OjsI=
-46,23,5pZTe5eifzy8keIJdXiwy6Gw/Y4=,tUoHtrfTUZLrp0/R04Dhws0OjsI=
-48,20,5pZTe5eifzy8keIJdXiwy6Gw/Y4=,tUoHtrfTUZLrp0/R04Dhws0OjsI=
-43,21,5pZTe5eifzy8keIJdXiwy6Gw/Y4=,tUoHtrfTUZLrp0/R04Dhws0OjsI=
-44,21,5pZTe5eifzy8keIJdXiwy6Gw/Y4=,tUoHtrfTUZLrp0/R04Dhws0OjsI=
-47,23,5pZTe5eifzy8keIJdXiwy6Gw/Y4=,tUoHtrfTUZLrp0/R04Dhws0OjsI=
-40,22,5pZTe5eifzy8keIJdXiwy6Gw/Y4=,+1INBWDjt8+fP1JPhlHJ319Zf0I=
-42,19,5pZTe5eifzy8keIJdXiwy6Gw/Y4=,tUoHtrfTUZLrp0/R04Dhws0OjsI=
-48,23,5pZTe5eifzy8keIJdXiwy6Gw/Y4=,tUoHtrfTUZLrp0/R04Dhws0OjsI=
-45,21,5pZTe5eifzy8keIJdXiwy6Gw/Y4=,tUoHtrfTUZLrp0/R04Dhws0OjsI=
-46,21,5pZTe5eifzy8keIJdXiwy6Gw/Y4=,tUoHtrfTUZLrp0/R04Dhws0OjsI=
-46,20,5pZTe5eifzy8keIJdXiwy6Gw/Y4=,tUoHtrfTUZLrp0/R04Dhws0OjsI=
-40,21,5pZTe5eifzy8keIJdXiwy6Gw/Y4=,+1INBWDjt8+fP1JPhlHJ319Zf0I=
-41,22,5pZTe5eifzy8keIJdXiwy6Gw/Y4=,tUoHtrfTUZLrp0/R04Dhws0OjsI=
-44,22,5pZTe5eifzy8keIJdXiwy6Gw/Y4=,tUoHtrfTUZLrp0/R04Dhws0OjsI=
-43,19,5pZTe5eifzy8keIJdXiwy6Gw/Y4=,tUoHtrfTUZLrp0/R04Dhws0OjsI=
-43,16,5pZTe5eifzy8keIJdXiwy6Gw/Y4=,tUoHtrfTUZLrp0/R04Dhws0OjsI=
-40,20,5pZTe5eifzy8keIJdXiwy6Gw/Y4=,+1INBWDjt8+fP1JPhlHJ319Zf0I=
-44,19,5pZTe5eifzy8keIJdXiwy6Gw/Y4=,tUoHtrfTUZLrp0/R04Dhws0OjsI=
-45,19,5pZTe5eifzy8keIJdXiwy6Gw/Y4=,tUoHtrfTUZLrp0/R04Dhws0OjsI=
-42,16,5pZTe5eifzy8keIJdXiwy6Gw/Y4=,tUoHtrfTUZLrp0/R04Dhws0OjsI=
-46,19,5pZTe5eifzy8keIJdXiwy6Gw/Y4=,tUoHtrfTUZLrp0/R04Dhws0OjsI=
-44,16,5pZTe5eifzy8keIJdXiwy6Gw/Y4=,tUoHtrfTUZLrp0/R04Dhws0OjsI=
-47,19,5pZTe5eifzy8keIJdXiwy6Gw/Y4=,tUoHtrfTUZLrp0/R04Dhws0OjsI=
-41,16,5pZTe5eifzy8keIJdXiwy6Gw/Y4=,tUoHtrfTUZLrp0/R04Dhws0OjsI=
-41,18,5pZTe5eifzy8keIJdXiwy6Gw/Y4=,tUoHtrfTUZLrp0/R04Dhws0OjsI=
-45,16,5pZTe5eifzy8keIJdXiwy6Gw/Y4=,tUoHtrfTUZLrp0/R04Dhws0OjsI=
-42,18,5pZTe5eifzy8keIJdXiwy6Gw/Y4=,tUoHtrfTUZLrp0/R04Dhws0OjsI=
-43,18,5pZTe5eifzy8keIJdXiwy6Gw/Y4=,tUoHtrfTUZLrp0/R04Dhws0OjsI=
-42,22,5pZTe5eifzy8keIJdXiwy6Gw/Y4=,tUoHtrfTUZLrp0/R04Dhws0OjsI=
-45,22,5pZTe5eifzy8keIJdXiwy6Gw/Y4=,tUoHtrfTUZLrp0/R04Dhws0OjsI=
-40,19,5pZTe5eifzy8keIJdXiwy6Gw/Y4=,+1INBWDjt8+fP1JPhlHJ319Zf0I=
-40,16,5pZTe5eifzy8keIJdXiwy6Gw/Y4=,+1INBWDjt8+fP1JPhlHJ319Zf0I=
-47,22,5pZTe5eifzy8keIJdXiwy6Gw/Y4=,tUoHtrfTUZLrp0/R04Dhws0OjsI=
-48,19,5pZTe5eifzy8keIJdXiwy6Gw/Y4=,tUoHtrfTUZLrp0/R04Dhws0OjsI=
-44,18,5pZTe5eifzy8keIJdXiwy6Gw/Y4=,tUoHtrfTUZLrp0/R04Dhws0OjsI=
-46,16,5pZTe5eifzy8keIJdXiwy6Gw/Y4=,tUoHtrfTUZLrp0/R04Dhws0OjsI=
-47,17,5pZTe5eifzy8keIJdXiwy6Gw/Y4=,tUoHtrfTUZLrp0/R04Dhws0OjsI=
-45,18,5pZTe5eifzy8keIJdXiwy6Gw/Y4=,tUoHtrfTUZLrp0/R04Dhws0OjsI=
-48,17,5pZTe5eifzy8keIJdXiwy6Gw/Y4=,tUoHtrfTUZLrp0/R04Dhws0OjsI=
-47,18,5pZTe5eifzy8keIJdXiwy6Gw/Y4=,tUoHtrfTUZLrp0/R04Dhws0OjsI=
-46,18,5pZTe5eifzy8keIJdXiwy6Gw/Y4=,tUoHtrfTUZLrp0/R04Dhws0OjsI=
-40,18,5pZTe5eifzy8keIJdXiwy6Gw/Y4=,+1INBWDjt8+fP1JPhlHJ319Zf0I=
-40,17,5pZTe5eifzy8keIJdXiwy6Gw/Y4=,+1INBWDjt8+fP1JPhlHJ319Zf0I=
-47,16,5pZTe5eifzy8keIJdXiwy6Gw/Y4=,tUoHtrfTUZLrp0/R04Dhws0OjsI=
-41,17,5pZTe5eifzy8keIJdXiwy6Gw/Y4=,tUoHtrfTUZLrp0/R04Dhws0OjsI=
-46,22,5pZTe5eifzy8keIJdXiwy6Gw/Y4=,tUoHtrfTUZLrp0/R04Dhws0OjsI=
-48,18,5pZTe5eifzy8keIJdXiwy6Gw/Y4=,tUoHtrfTUZLrp0/R04Dhws0OjsI=
-48,16,5pZTe5eifzy8keIJdXiwy6Gw/Y4=,tUoHtrfTUZLrp0/R04Dhws0OjsI=
-42,17,5pZTe5eifzy8keIJdXiwy6Gw/Y4=,tUoHtrfTUZLrp0/R04Dhws0OjsI=
-43,17,5pZTe5eifzy8keIJdXiwy6Gw/Y4=,tUoHtrfTUZLrp0/R04Dhws0OjsI=
-44,17,5pZTe5eifzy8keIJdXiwy6Gw/Y4=,tUoHtrfTUZLrp0/R04Dhws0OjsI=
-45,17,5pZTe5eifzy8keIJdXiwy6Gw/Y4=,tUoHtrfTUZLrp0/R04Dhws0OjsI=
-46,17,5pZTe5eifzy8keIJdXiwy6Gw/Y4=,tUoHtrfTUZLrp0/R04Dhws0OjsI=
-37,5,9jvDsBy/XniZe/Ar565UezWwyZY=,qmVpbXW4pzobNEoqNTNNKFaR6jY=
-38,5,9jvDsBy/XniZe/Ar565UezWwyZY=,qmVpbXW4pzobNEoqNTNNKFaR6jY=
-40,5,9jvDsBy/XniZe/Ar565UezWwyZY=,qmVpbXW4pzobNEoqNTNNKFaR6jY=
-36,5,9jvDsBy/XniZe/Ar565UezWwyZY=,qmVpbXW4pzobNEoqNTNNKFaR6jY=
-34,4,9jvDsBy/XniZe/Ar565UezWwyZY=,qmVpbXW4pzobNEoqNTNNKFaR6jY=
-35,4,9jvDsBy/XniZe/Ar565UezWwyZY=,qmVpbXW4pzobNEoqNTNNKFaR6jY=
-34,5,9jvDsBy/XniZe/Ar565UezWwyZY=,qmVpbXW4pzobNEoqNTNNKFaR6jY=
-33,5,9jvDsBy/XniZe/Ar565UezWwyZY=,qmVpbXW4pzobNEoqNTNNKFaR6jY=
-36,4,9jvDsBy/XniZe/Ar565UezWwyZY=,qmVpbXW4pzobNEoqNTNNKFaR6jY=
-38,4,9jvDsBy/XniZe/Ar565UezWwyZY=,qmVpbXW4pzobNEoqNTNNKFaR6jY=
-37,4,9jvDsBy/XniZe/Ar565UezWwyZY=,qmVpbXW4pzobNEoqNTNNKFaR6jY=
-39,0,9jvDsBy/XniZe/Ar565UezWwyZY=,qmVpbXW4pzobNEoqNTNNKFaR6jY=
-39,4,9jvDsBy/XniZe/Ar565UezWwyZY=,qmVpbXW4pzobNEoqNTNNKFaR6jY=
-35,5,9jvDsBy/XniZe/Ar565UezWwyZY=,qmVpbXW4pzobNEoqNTNNKFaR6jY=
-40,0,9jvDsBy/XniZe/Ar565UezWwyZY=,qmVpbXW4pzobNEoqNTNNKFaR6jY=
-40,6,9jvDsBy/XniZe/Ar565UezWwyZY=,qmVpbXW4pzobNEoqNTNNKFaR6jY=
-40,4,9jvDsBy/XniZe/Ar565UezWwyZY=,qmVpbXW4pzobNEoqNTNNKFaR6jY=
-38,0,9jvDsBy/XniZe/Ar565UezWwyZY=,qmVpbXW4pzobNEoqNTNNKFaR6jY=
-39,6,9jvDsBy/XniZe/Ar565UezWwyZY=,qmVpbXW4pzobNEoqNTNNKFaR6jY=
-39,5,9jvDsBy/XniZe/Ar565UezWwyZY=,qmVpbXW4pzobNEoqNTNNKFaR6jY=
-38,6,9jvDsBy/XniZe/Ar565UezWwyZY=,qmVpbXW4pzobNEoqNTNNKFaR6jY=
-37,6,9jvDsBy/XniZe/Ar565UezWwyZY=,qmVpbXW4pzobNEoqNTNNKFaR6jY=
-34,3,9jvDsBy/XniZe/Ar565UezWwyZY=,qmVpbXW4pzobNEoqNTNNKFaR6jY=
-37,0,9jvDsBy/XniZe/Ar565UezWwyZY=,qmVpbXW4pzobNEoqNTNNKFaR6jY=
-35,3,9jvDsBy/XniZe/Ar565UezWwyZY=,qmVpbXW4pzobNEoqNTNNKFaR6jY=
-36,3,9jvDsBy/XniZe/Ar565UezWwyZY=,qmVpbXW4pzobNEoqNTNNKFaR6jY=
-36,0,9jvDsBy/XniZe/Ar565UezWwyZY=,qmVpbXW4pzobNEoqNTNNKFaR6jY=
-37,3,9jvDsBy/XniZe/Ar565UezWwyZY=,qmVpbXW4pzobNEoqNTNNKFaR6jY=
-38,3,9jvDsBy/XniZe/Ar565UezWwyZY=,qmVpbXW4pzobNEoqNTNNKFaR6jY=
-35,0,9jvDsBy/XniZe/Ar565UezWwyZY=,qmVpbXW4pzobNEoqNTNNKFaR6jY=
-39,3,9jvDsBy/XniZe/Ar565UezWwyZY=,qmVpbXW4pzobNEoqNTNNKFaR6jY=
-40,3,9jvDsBy/XniZe/Ar565UezWwyZY=,qmVpbXW4pzobNEoqNTNNKFaR6jY=
-36,6,9jvDsBy/XniZe/Ar565UezWwyZY=,qmVpbXW4pzobNEoqNTNNKFaR6jY=
-34,0,9jvDsBy/XniZe/Ar565UezWwyZY=,qmVpbXW4pzobNEoqNTNNKFaR6jY=
-34,2,9jvDsBy/XniZe/Ar565UezWwyZY=,qmVpbXW4pzobNEoqNTNNKFaR6jY=
-35,6,9jvDsBy/XniZe/Ar565UezWwyZY=,qmVpbXW4pzobNEoqNTNNKFaR6jY=
-35,2,9jvDsBy/XniZe/Ar565UezWwyZY=,qmVpbXW4pzobNEoqNTNNKFaR6jY=
-36,2,9jvDsBy/XniZe/Ar565UezWwyZY=,qmVpbXW4pzobNEoqNTNNKFaR6jY=
-34,6,9jvDsBy/XniZe/Ar565UezWwyZY=,qmVpbXW4pzobNEoqNTNNKFaR6jY=
-37,2,9jvDsBy/XniZe/Ar565UezWwyZY=,qmVpbXW4pzobNEoqNTNNKFaR6jY=
-33,6,9jvDsBy/XniZe/Ar565UezWwyZY=,qmVpbXW4pzobNEoqNTNNKFaR6jY=
-38,2,9jvDsBy/XniZe/Ar565UezWwyZY=,qmVpbXW4pzobNEoqNTNNKFaR6jY=
-39,2,9jvDsBy/XniZe/Ar565UezWwyZY=,qmVpbXW4pzobNEoqNTNNKFaR6jY=
-40,2,9jvDsBy/XniZe/Ar565UezWwyZY=,qmVpbXW4pzobNEoqNTNNKFaR6jY=
-33,4,9jvDsBy/XniZe/Ar565UezWwyZY=,qmVpbXW4pzobNEoqNTNNKFaR6jY=
-33,0,9jvDsBy/XniZe/Ar565UezWwyZY=,qmVpbXW4pzobNEoqNTNNKFaR6jY=
-40,1,9jvDsBy/XniZe/Ar565UezWwyZY=,qmVpbXW4pzobNEoqNTNNKFaR6jY=
-39,1,9jvDsBy/XniZe/Ar565UezWwyZY=,qmVpbXW4pzobNEoqNTNNKFaR6jY=
-38,1,9jvDsBy/XniZe/Ar565UezWwyZY=,qmVpbXW4pzobNEoqNTNNKFaR6jY=
-37,1,9jvDsBy/XniZe/Ar565UezWwyZY=,qmVpbXW4pzobNEoqNTNNKFaR6jY=
-36,1,9jvDsBy/XniZe/Ar565UezWwyZY=,qmVpbXW4pzobNEoqNTNNKFaR6jY=
-35,1,9jvDsBy/XniZe/Ar565UezWwyZY=,qmVpbXW4pzobNEoqNTNNKFaR6jY=
-34,1,9jvDsBy/XniZe/Ar565UezWwyZY=,qmVpbXW4pzobNEoqNTNNKFaR6jY=
-33,1,9jvDsBy/XniZe/Ar565UezWwyZY=,qmVpbXW4pzobNEoqNTNNKFaR6jY=
-33,3,9jvDsBy/XniZe/Ar565UezWwyZY=,qmVpbXW4pzobNEoqNTNNKFaR6jY=
-33,2,9jvDsBy/XniZe/Ar565UezWwyZY=,qmVpbXW4pzobNEoqNTNNKFaR6jY=
-37,8,9jvDsBy/XniZe/Ar565UezWwyZY=,w/pV1mFWYp0i89k1KTU8ynTXQo0=
-36,8,9jvDsBy/XniZe/Ar565UezWwyZY=,w/pV1mFWYp0i89k1KTU8ynTXQo0=
-38,9,9jvDsBy/XniZe/Ar565UezWwyZY=,w/pV1mFWYp0i89k1KTU8ynTXQo0=
-39,9,9jvDsBy/XniZe/Ar565UezWwyZY=,w/pV1mFWYp0i89k1KTU8ynTXQo0=
-40,9,9jvDsBy/XniZe/Ar565UezWwyZY=,w/pV1mFWYp0i89k1KTU8ynTXQo0=
-33,8,9jvDsBy/XniZe/Ar565UezWwyZY=,w/pV1mFWYp0i89k1KTU8ynTXQo0=
-34,8,9jvDsBy/XniZe/Ar565UezWwyZY=,w/pV1mFWYp0i89k1KTU8ynTXQo0=
-35,8,9jvDsBy/XniZe/Ar565UezWwyZY=,w/pV1mFWYp0i89k1KTU8ynTXQo0=
-38,8,9jvDsBy/XniZe/Ar565UezWwyZY=,w/pV1mFWYp0i89k1KTU8ynTXQo0=
-39,10,9jvDsBy/XniZe/Ar565UezWwyZY=,w/pV1mFWYp0i89k1KTU8ynTXQo0=
-36,13,9jvDsBy/XniZe/Ar565UezWwyZY=,w/pV1mFWYp0i89k1KTU8ynTXQo0=
-35,15,9jvDsBy/XniZe/Ar565UezWwyZY=,w/pV1mFWYp0i89k1KTU8ynTXQo0=
-36,15,9jvDsBy/XniZe/Ar565UezWwyZY=,w/pV1mFWYp0i89k1KTU8ynTXQo0=
-34,15,9jvDsBy/XniZe/Ar565UezWwyZY=,w/pV1mFWYp0i89k1KTU8ynTXQo0=
-37,9,9jvDsBy/XniZe/Ar565UezWwyZY=,w/pV1mFWYp0i89k1KTU8ynTXQo0=
-34,12,9jvDsBy/XniZe/Ar565UezWwyZY=,w/pV1mFWYp0i89k1KTU8ynTXQo0=
-38,15,9jvDsBy/XniZe/Ar565UezWwyZY=,w/pV1mFWYp0i89k1KTU8ynTXQo0=
-37,15,9jvDsBy/XniZe/Ar565UezWwyZY=,w/pV1mFWYp0i89k1KTU8ynTXQo0=
-40,15,9jvDsBy/XniZe/Ar565UezWwyZY=,w/pV1mFWYp0i89k1KTU8ynTXQo0=
-33,14,9jvDsBy/XniZe/Ar565UezWwyZY=,w/pV1mFWYp0i89k1KTU8ynTXQo0=
-37,13,9jvDsBy/XniZe/Ar565UezWwyZY=,w/pV1mFWYp0i89k1KTU8ynTXQo0=
-39,15,9jvDsBy/XniZe/Ar565UezWwyZY=,w/pV1mFWYp0i89k1KTU8ynTXQo0=
-36,12,9jvDsBy/XniZe/Ar565UezWwyZY=,w/pV1mFWYp0i89k1KTU8ynTXQo0=
-35,12,9jvDsBy/XniZe/Ar565UezWwyZY=,w/pV1mFWYp0i89k1KTU8ynTXQo0=
-37,12,9jvDsBy/XniZe/Ar565UezWwyZY=,w/pV1mFWYp0i89k1KTU8ynTXQo0=
-38,13,9jvDsBy/XniZe/Ar565UezWwyZY=,w/pV1mFWYp0i89k1KTU8ynTXQo0=
-39,14,9jvDsBy/XniZe/Ar565UezWwyZY=,w/pV1mFWYp0i89k1KTU8ynTXQo0=
-40,11,9jvDsBy/XniZe/Ar565UezWwyZY=,w/pV1mFWYp0i89k1KTU8ynTXQo0=
-38,14,9jvDsBy/XniZe/Ar565UezWwyZY=,w/pV1mFWYp0i89k1KTU8ynTXQo0=
-40,10,9jvDsBy/XniZe/Ar565UezWwyZY=,w/pV1mFWYp0i89k1KTU8ynTXQo0=
-40,14,9jvDsBy/XniZe/Ar565UezWwyZY=,w/pV1mFWYp0i89k1KTU8ynTXQo0=
-34,11,9jvDsBy/XniZe/Ar565UezWwyZY=,w/pV1mFWYp0i89k1KTU8ynTXQo0=
-35,11,9jvDsBy/XniZe/Ar565UezWwyZY=,w/pV1mFWYp0i89k1KTU8ynTXQo0=
-36,11,9jvDsBy/XniZe/Ar565UezWwyZY=,w/pV1mFWYp0i89k1KTU8ynTXQo0=
-37,11,9jvDsBy/XniZe/Ar565UezWwyZY=,w/pV1mFWYp0i89k1KTU8ynTXQo0=
-38,11,9jvDsBy/XniZe/Ar565UezWwyZY=,w/pV1mFWYp0i89k1KTU8ynTXQo0=
-34,14,9jvDsBy/XniZe/Ar565UezWwyZY=,w/pV1mFWYp0i89k1KTU8ynTXQo0=
-39,8,9jvDsBy/XniZe/Ar565UezWwyZY=,w/pV1mFWYp0i89k1KTU8ynTXQo0=
-33,10,9jvDsBy/XniZe/Ar565UezWwyZY=,w/pV1mFWYp0i89k1KTU8ynTXQo0=
-38,12,9jvDsBy/XniZe/Ar565UezWwyZY=,w/pV1mFWYp0i89k1KTU8ynTXQo0=
-33,9,9jvDsBy/XniZe/Ar565UezWwyZY=,w/pV1mFWYp0i89k1KTU8ynTXQo0=
-39,13,9jvDsBy/XniZe/Ar565UezWwyZY=,w/pV1mFWYp0i89k1KTU8ynTXQo0=
-34,10,9jvDsBy/XniZe/Ar565UezWwyZY=,w/pV1mFWYp0i89k1KTU8ynTXQo0=
-33,7,9jvDsBy/XniZe/Ar565UezWwyZY=,qmVpbXW4pzobNEoqNTNNKFaR6jY=
-39,11,9jvDsBy/XniZe/Ar565UezWwyZY=,w/pV1mFWYp0i89k1KTU8ynTXQo0=
-34,9,9jvDsBy/XniZe/Ar565UezWwyZY=,w/pV1mFWYp0i89k1KTU8ynTXQo0=
-34,7,9jvDsBy/XniZe/Ar565UezWwyZY=,qmVpbXW4pzobNEoqNTNNKFaR6jY=
-39,12,9jvDsBy/XniZe/Ar565UezWwyZY=,w/pV1mFWYp0i89k1KTU8ynTXQo0=
-36,7,9jvDsBy/XniZe/Ar565UezWwyZY=,qmVpbXW4pzobNEoqNTNNKFaR6jY=
-37,7,9jvDsBy/XniZe/Ar565UezWwyZY=,qmVpbXW4pzobNEoqNTNNKFaR6jY=
-38,7,9jvDsBy/XniZe/Ar565UezWwyZY=,qmVpbXW4pzobNEoqNTNNKFaR6jY=
-40,13,9jvDsBy/XniZe/Ar565UezWwyZY=,w/pV1mFWYp0i89k1KTU8ynTXQo0=
-36,14,9jvDsBy/XniZe/Ar565UezWwyZY=,w/pV1mFWYp0i89k1KTU8ynTXQo0=
-39,7,9jvDsBy/XniZe/Ar565UezWwyZY=,qmVpbXW4pzobNEoqNTNNKFaR6jY=
-40,8,9jvDsBy/XniZe/Ar565UezWwyZY=,w/pV1mFWYp0i89k1KTU8ynTXQo0=
-40,7,9jvDsBy/XniZe/Ar565UezWwyZY=,qmVpbXW4pzobNEoqNTNNKFaR6jY=
-35,10,9jvDsBy/XniZe/Ar565UezWwyZY=,w/pV1mFWYp0i89k1KTU8ynTXQo0=
-35,9,9jvDsBy/XniZe/Ar565UezWwyZY=,w/pV1mFWYp0i89k1KTU8ynTXQo0=
-36,9,9jvDsBy/XniZe/Ar565UezWwyZY=,w/pV1mFWYp0i89k1KTU8ynTXQo0=
-35,7,9jvDsBy/XniZe/Ar565UezWwyZY=,qmVpbXW4pzobNEoqNTNNKFaR6jY=
-40,12,9jvDsBy/XniZe/Ar565UezWwyZY=,w/pV1mFWYp0i89k1KTU8ynTXQo0=
-36,10,9jvDsBy/XniZe/Ar565UezWwyZY=,w/pV1mFWYp0i89k1KTU8ynTXQo0=
-37,10,9jvDsBy/XniZe/Ar565UezWwyZY=,w/pV1mFWYp0i89k1KTU8ynTXQo0=
-38,10,9jvDsBy/XniZe/Ar565UezWwyZY=,w/pV1mFWYp0i89k1KTU8ynTXQo0=
-33,15,9jvDsBy/XniZe/Ar565UezWwyZY=,w/pV1mFWYp0i89k1KTU8ynTXQo0=
-35,14,9jvDsBy/XniZe/Ar565UezWwyZY=,w/pV1mFWYp0i89k1KTU8ynTXQo0=
-37,14,9jvDsBy/XniZe/Ar565UezWwyZY=,w/pV1mFWYp0i89k1KTU8ynTXQo0=
-35,13,9jvDsBy/XniZe/Ar565UezWwyZY=,w/pV1mFWYp0i89k1KTU8ynTXQo0=
-33,11,9jvDsBy/XniZe/Ar565UezWwyZY=,w/pV1mFWYp0i89k1KTU8ynTXQo0=
-33,12,9jvDsBy/XniZe/Ar565UezWwyZY=,w/pV1mFWYp0i89k1KTU8ynTXQo0=
-34,13,9jvDsBy/XniZe/Ar565UezWwyZY=,w/pV1mFWYp0i89k1KTU8ynTXQo0=
-33,13,9jvDsBy/XniZe/Ar565UezWwyZY=,w/pV1mFWYp0i89k1KTU8ynTXQo0=
